,ref_name,dis_name,dis_name_diff_resolution_diff_fps,mos,ci,ref_width,ref_height,dis_width,dis_height,dis_width_ori,dis_height_ori,frame_rate,encoder
0,src_videos/bigbuck_bunny_8bit.mkv,test_1_avpvs/bigbuck_bunny_8bit_200kbps_360p_60.0fps_h264_avpvs.mkv,test_1/segments/bigbuck_bunny_8bit_200kbps_360p_60.0fps_h264.mp4,1.517241379,0.209092509,3840,2160,3840,2160,640,360,60,h264
1,src_videos/bigbuck_bunny_8bit.mkv,test_1_avpvs/bigbuck_bunny_8bit_750kbps_360p_60.0fps_h264_avpvs.mkv,test_1/segments/bigbuck_bunny_8bit_750kbps_360p_60.0fps_h264.mp4,2.24137931,0.286169231,3840,2160,3840,2160,640,360,60,h264
2,src_videos/bigbuck_bunny_8bit.mkv,test_1_avpvs/bigbuck_bunny_8bit_750kbps_720p_60.0fps_h264_avpvs.mkv,test_1/segments/bigbuck_bunny_8bit_750kbps_720p_60.0fps_h264.mp4,2.793103448,0.22560482,3840,2160,3840,2160,1280,720,60,h264
3,src_videos/bigbuck_bunny_8bit.mkv,test_1_avpvs/bigbuck_bunny_8bit_2000kbps_720p_60.0fps_h264_avpvs.mkv,test_1/segments/bigbuck_bunny_8bit_2000kbps_720p_60.0fps_h264.mp4,3.413793103,0.248323018,3840,2160,3840,2160,1280,720,60,h264
4,src_videos/bigbuck_bunny_8bit.mkv,test_1_avpvs/bigbuck_bunny_8bit_2000kbps_1080p_60.0fps_h264_avpvs.mkv,test_1/segments/bigbuck_bunny_8bit_2000kbps_1080p_60.0fps_h264.mp4,3.344827586,0.262377931,3840,2160,3840,2160,1920,1080,60,h264
5,src_videos/bigbuck_bunny_8bit.mkv,test_1_avpvs/bigbuck_bunny_8bit_7500kbps_1080p_60.0fps_h264_avpvs.mkv,test_1/segments/bigbuck_bunny_8bit_7500kbps_1080p_60.0fps_h264.mp4,4.275862069,0.290132198,3840,2160,3840,2160,1920,1080,60,h264
6,src_videos/bigbuck_bunny_8bit.mkv,test_1_avpvs/bigbuck_bunny_8bit_15000kbps_1080p_60.0fps_h264_avpvs.mkv,test_1/segments/bigbuck_bunny_8bit_15000kbps_1080p_60.0fps_h264.mp4,4.206896552,0.281571836,3840,2160,3840,2160,1920,1080,60,h264
7,src_videos/bigbuck_bunny_8bit.mkv,test_1_avpvs/bigbuck_bunny_8bit_7500kbps_2160p_60.0fps_h264_avpvs.mkv,test_1/segments/bigbuck_bunny_8bit_7500kbps_2160p_60.0fps_h264.mp4,4.482758621,0.209092509,3840,2160,3840,2160,3840,2160,60,h264
8,src_videos/bigbuck_bunny_8bit.mkv,test_1_avpvs/bigbuck_bunny_8bit_15000kbps_2160p_60.0fps_h264_avpvs.mkv,test_1/segments/bigbuck_bunny_8bit_15000kbps_2160p_60.0fps_h264.mp4,4.586206897,0.206738672,3840,2160,3840,2160,3840,2160,60,h264
9,src_videos/bigbuck_bunny_8bit.mkv,test_1_avpvs/bigbuck_bunny_8bit_40000kbps_2160p_60.0fps_h264_avpvs.mkv,test_1/segments/bigbuck_bunny_8bit_40000kbps_2160p_60.0fps_h264.mp4,4.862068966,0.127723578,3840,2160,3840,2160,3840,2160,60,h264
10,src_videos/bigbuck_bunny_8bit.mkv,test_1_avpvs/bigbuck_bunny_8bit_200kbps_360p_60.0fps_hevc_avpvs.mkv,test_1/segments/bigbuck_bunny_8bit_200kbps_360p_60.0fps_hevc.mp4,1.586206897,0.182425759,3840,2160,3840,2160,640,360,60,hevc
11,src_videos/bigbuck_bunny_8bit.mkv,test_1_avpvs/bigbuck_bunny_8bit_750kbps_360p_60.0fps_hevc_avpvs.mkv,test_1/segments/bigbuck_bunny_8bit_750kbps_360p_60.0fps_hevc.mp4,2.344827586,0.223425012,3840,2160,3840,2160,640,360,60,hevc
12,src_videos/bigbuck_bunny_8bit.mkv,test_1_avpvs/bigbuck_bunny_8bit_750kbps_720p_60.0fps_hevc_avpvs.mkv,test_1/segments/bigbuck_bunny_8bit_750kbps_720p_60.0fps_hevc.mp4,2.827586207,0.258620535,3840,2160,3840,2160,1280,720,60,hevc
13,src_videos/bigbuck_bunny_8bit.mkv,test_1_avpvs/bigbuck_bunny_8bit_2000kbps_720p_60.0fps_hevc_avpvs.mkv,test_1/segments/bigbuck_bunny_8bit_2000kbps_720p_60.0fps_hevc.mp4,3.517241379,0.268523446,3840,2160,3840,2160,1280,720,60,hevc
14,src_videos/bigbuck_bunny_8bit.mkv,test_1_avpvs/bigbuck_bunny_8bit_2000kbps_1080p_60.0fps_hevc_avpvs.mkv,test_1/segments/bigbuck_bunny_8bit_2000kbps_1080p_60.0fps_hevc.mp4,3.724137931,0.2152436,3840,2160,3840,2160,1920,1080,60,hevc
15,src_videos/bigbuck_bunny_8bit.mkv,test_1_avpvs/bigbuck_bunny_8bit_7500kbps_1080p_60.0fps_hevc_avpvs.mkv,test_1/segments/bigbuck_bunny_8bit_7500kbps_1080p_60.0fps_hevc.mp4,4.206896552,0.264236594,3840,2160,3840,2160,1920,1080,60,hevc
16,src_videos/bigbuck_bunny_8bit.mkv,test_1_avpvs/bigbuck_bunny_8bit_15000kbps_1080p_60.0fps_hevc_avpvs.mkv,test_1/segments/bigbuck_bunny_8bit_15000kbps_1080p_60.0fps_hevc.mp4,4.206896552,0.264236594,3840,2160,3840,2160,1920,1080,60,hevc
17,src_videos/bigbuck_bunny_8bit.mkv,test_1_avpvs/bigbuck_bunny_8bit_7500kbps_2160p_60.0fps_hevc_avpvs.mkv,test_1/segments/bigbuck_bunny_8bit_7500kbps_2160p_60.0fps_hevc.mp4,4.724137931,0.165548678,3840,2160,3840,2160,3840,2160,60,hevc
18,src_videos/bigbuck_bunny_8bit.mkv,test_1_avpvs/bigbuck_bunny_8bit_15000kbps_2160p_60.0fps_hevc_avpvs.mkv,test_1/segments/bigbuck_bunny_8bit_15000kbps_2160p_60.0fps_hevc.mp4,4.75862069,0.158500792,3840,2160,3840,2160,3840,2160,60,hevc
19,src_videos/bigbuck_bunny_8bit.mkv,test_1_avpvs/bigbuck_bunny_8bit_40000kbps_2160p_60.0fps_hevc_avpvs.mkv,test_1/segments/bigbuck_bunny_8bit_40000kbps_2160p_60.0fps_hevc.mp4,4.827586207,0.13991417,3840,2160,3840,2160,3840,2160,60,hevc
20,src_videos/bigbuck_bunny_8bit.mkv,test_1_avpvs/bigbuck_bunny_8bit_200kbps_360p_60.0fps_vp9_avpvs.mkv,test_1/segments/bigbuck_bunny_8bit_200kbps_360p_60.0fps_vp9.mkv,1.482758621,0.209092509,3840,2160,3840,2160,640,360,60,vp9
21,src_videos/bigbuck_bunny_8bit.mkv,test_1_avpvs/bigbuck_bunny_8bit_750kbps_360p_60.0fps_vp9_avpvs.mkv,test_1/segments/bigbuck_bunny_8bit_750kbps_360p_60.0fps_vp9.mkv,2.137931034,0.252233857,3840,2160,3840,2160,640,360,60,vp9
22,src_videos/bigbuck_bunny_8bit.mkv,test_1_avpvs/bigbuck_bunny_8bit_750kbps_720p_60.0fps_vp9_avpvs.mkv,test_1/segments/bigbuck_bunny_8bit_750kbps_720p_60.0fps_vp9.mkv,2.793103448,0.245681208,3840,2160,3840,2160,1280,720,60,vp9
23,src_videos/bigbuck_bunny_8bit.mkv,test_1_avpvs/bigbuck_bunny_8bit_2000kbps_720p_60.0fps_vp9_avpvs.mkv,test_1/segments/bigbuck_bunny_8bit_2000kbps_720p_60.0fps_vp9.mkv,3.517241379,0.301708939,3840,2160,3840,2160,1280,720,60,vp9
24,src_videos/bigbuck_bunny_8bit.mkv,test_1_avpvs/bigbuck_bunny_8bit_2000kbps_1080p_60.0fps_vp9_avpvs.mkv,test_1/segments/bigbuck_bunny_8bit_2000kbps_1080p_60.0fps_vp9.mkv,3.75862069,0.231317239,3840,2160,3840,2160,1920,1080,60,vp9
25,src_videos/bigbuck_bunny_8bit.mkv,test_1_avpvs/bigbuck_bunny_8bit_7500kbps_1080p_60.0fps_vp9_avpvs.mkv,test_1/segments/bigbuck_bunny_8bit_7500kbps_1080p_60.0fps_vp9.mkv,4.413793103,0.228478883,3840,2160,3840,2160,1920,1080,60,vp9
26,src_videos/bigbuck_bunny_8bit.mkv,test_1_avpvs/bigbuck_bunny_8bit_15000kbps_1080p_60.0fps_vp9_avpvs.mkv,test_1/segments/bigbuck_bunny_8bit_15000kbps_1080p_60.0fps_vp9.mkv,4.517241379,0.209092509,3840,2160,3840,2160,1920,1080,60,vp9
27,src_videos/bigbuck_bunny_8bit.mkv,test_1_avpvs/bigbuck_bunny_8bit_7500kbps_2160p_60.0fps_vp9_avpvs.mkv,test_1/segments/bigbuck_bunny_8bit_7500kbps_2160p_60.0fps_vp9.mkv,4.482758621,0.285598604,3840,2160,3840,2160,3840,2160,60,vp9
28,src_videos/bigbuck_bunny_8bit.mkv,test_1_avpvs/bigbuck_bunny_8bit_15000kbps_2160p_60.0fps_vp9_avpvs.mkv,test_1/segments/bigbuck_bunny_8bit_15000kbps_2160p_60.0fps_vp9.mkv,4.689655172,0.19704234,3840,2160,3840,2160,3840,2160,60,vp9
29,src_videos/bigbuck_bunny_8bit.mkv,test_1_avpvs/bigbuck_bunny_8bit_40000kbps_2160p_60.0fps_vp9_avpvs.mkv,test_1/segments/bigbuck_bunny_8bit_40000kbps_2160p_60.0fps_vp9.mkv,4.75862069,0.158500792,3840,2160,3840,2160,3840,2160,60,vp9
30,src_videos/cutting_orange_tuil.mkv,test_1_avpvs/cutting_orange_tuil_200kbps_360p_59.94fps_h264_avpvs.mkv,test_1/segments/cutting_orange_tuil_200kbps_360p_59.94fps_h264.mp4,1.724137931,0.273340394,3840,2160,3840,2160,640,360,59.94,h264
31,src_videos/cutting_orange_tuil.mkv,test_1_avpvs/cutting_orange_tuil_750kbps_360p_59.94fps_h264_avpvs.mkv,test_1/segments/cutting_orange_tuil_750kbps_360p_59.94fps_h264.mp4,2.448275862,0.267915238,3840,2160,3840,2160,640,360,59.94,h264
32,src_videos/cutting_orange_tuil.mkv,test_1_avpvs/cutting_orange_tuil_750kbps_720p_59.94fps_h264_avpvs.mkv,test_1/segments/cutting_orange_tuil_750kbps_720p_59.94fps_h264.mp4,2.724137931,0.290132198,3840,2160,3840,2160,1280,720,59.94,h264
33,src_videos/cutting_orange_tuil.mkv,test_1_avpvs/cutting_orange_tuil_2000kbps_720p_59.94fps_h264_avpvs.mkv,test_1/segments/cutting_orange_tuil_2000kbps_720p_59.94fps_h264.mp4,3.448275862,0.301167756,3840,2160,3840,2160,1280,720,59.94,h264
34,src_videos/cutting_orange_tuil.mkv,test_1_avpvs/cutting_orange_tuil_2000kbps_1080p_59.94fps_h264_avpvs.mkv,test_1/segments/cutting_orange_tuil_2000kbps_1080p_59.94fps_h264.mp4,3.310344828,0.33840723,3840,2160,3840,2160,1920,1080,59.94,h264
35,src_videos/cutting_orange_tuil.mkv,test_1_avpvs/cutting_orange_tuil_7500kbps_1080p_59.94fps_h264_avpvs.mkv,test_1/segments/cutting_orange_tuil_7500kbps_1080p_59.94fps_h264.mp4,3.965517241,0.266082273,3840,2160,3840,2160,1920,1080,59.94,h264
36,src_videos/cutting_orange_tuil.mkv,test_1_avpvs/cutting_orange_tuil_15000kbps_1080p_59.94fps_h264_avpvs.mkv,test_1/segments/cutting_orange_tuil_15000kbps_1080p_59.94fps_h264.mp4,4.275862069,0.2152436,3840,2160,3840,2160,1920,1080,59.94,h264
37,src_videos/cutting_orange_tuil.mkv,test_1_avpvs/cutting_orange_tuil_7500kbps_2160p_59.94fps_h264_avpvs.mkv,test_1/segments/cutting_orange_tuil_7500kbps_2160p_59.94fps_h264.mp4,4.206896552,0.313378591,3840,2160,3840,2160,3840,2160,59.94,h264
38,src_videos/cutting_orange_tuil.mkv,test_1_avpvs/cutting_orange_tuil_15000kbps_2160p_59.94fps_h264_avpvs.mkv,test_1/segments/cutting_orange_tuil_15000kbps_2160p_59.94fps_h264.mp4,4.206896552,0.281571836,3840,2160,3840,2160,3840,2160,59.94,h264
39,src_videos/cutting_orange_tuil.mkv,test_1_avpvs/cutting_orange_tuil_40000kbps_2160p_59.94fps_h264_avpvs.mkv,test_1/segments/cutting_orange_tuil_40000kbps_2160p_59.94fps_h264.mp4,4.379310345,0.298447124,3840,2160,3840,2160,3840,2160,59.94,h264
40,src_videos/cutting_orange_tuil.mkv,test_1_avpvs/cutting_orange_tuil_200kbps_360p_59.94fps_hevc_avpvs.mkv,test_1/segments/cutting_orange_tuil_200kbps_360p_59.94fps_hevc.mp4,1.448275862,0.208310852,3840,2160,3840,2160,640,360,59.94,hevc
41,src_videos/cutting_orange_tuil.mkv,test_1_avpvs/cutting_orange_tuil_750kbps_360p_59.94fps_hevc_avpvs.mkv,test_1/segments/cutting_orange_tuil_750kbps_360p_59.94fps_hevc.mp4,2.551724138,0.267915238,3840,2160,3840,2160,640,360,59.94,hevc
42,src_videos/cutting_orange_tuil.mkv,test_1_avpvs/cutting_orange_tuil_750kbps_720p_59.94fps_hevc_avpvs.mkv,test_1/segments/cutting_orange_tuil_750kbps_720p_59.94fps_hevc.mp4,3.172413793,0.292930066,3840,2160,3840,2160,1280,720,59.94,hevc
43,src_videos/cutting_orange_tuil.mkv,test_1_avpvs/cutting_orange_tuil_2000kbps_720p_59.94fps_hevc_avpvs.mkv,test_1/segments/cutting_orange_tuil_2000kbps_720p_59.94fps_hevc.mp4,3.689655172,0.27689812,3840,2160,3840,2160,1280,720,59.94,hevc
44,src_videos/cutting_orange_tuil.mkv,test_1_avpvs/cutting_orange_tuil_2000kbps_1080p_59.94fps_hevc_avpvs.mkv,test_1/segments/cutting_orange_tuil_2000kbps_1080p_59.94fps_hevc.mp4,3.793103448,0.328127814,3840,2160,3840,2160,1920,1080,59.94,hevc
45,src_videos/cutting_orange_tuil.mkv,test_1_avpvs/cutting_orange_tuil_7500kbps_1080p_59.94fps_hevc_avpvs.mkv,test_1/segments/cutting_orange_tuil_7500kbps_1080p_59.94fps_hevc.mp4,4.103448276,0.245016305,3840,2160,3840,2160,1920,1080,59.94,hevc
46,src_videos/cutting_orange_tuil.mkv,test_1_avpvs/cutting_orange_tuil_15000kbps_1080p_59.94fps_hevc_avpvs.mkv,test_1/segments/cutting_orange_tuil_15000kbps_1080p_59.94fps_hevc.mp4,4.137931034,0.211420141,3840,2160,3840,2160,1920,1080,59.94,hevc
47,src_videos/cutting_orange_tuil.mkv,test_1_avpvs/cutting_orange_tuil_7500kbps_2160p_59.94fps_hevc_avpvs.mkv,test_1/segments/cutting_orange_tuil_7500kbps_2160p_59.94fps_hevc.mp4,4.344827586,0.223425012,3840,2160,3840,2160,3840,2160,59.94,hevc
48,src_videos/cutting_orange_tuil.mkv,test_1_avpvs/cutting_orange_tuil_15000kbps_2160p_59.94fps_hevc_avpvs.mkv,test_1/segments/cutting_orange_tuil_15000kbps_2160p_59.94fps_hevc.mp4,4.379310345,0.282150607,3840,2160,3840,2160,3840,2160,59.94,hevc
49,src_videos/cutting_orange_tuil.mkv,test_1_avpvs/cutting_orange_tuil_40000kbps_2160p_59.94fps_hevc_avpvs.mkv,test_1/segments/cutting_orange_tuil_40000kbps_2160p_59.94fps_hevc.mp4,4.517241379,0.209092509,3840,2160,3840,2160,3840,2160,59.94,hevc
50,src_videos/cutting_orange_tuil.mkv,test_1_avpvs/cutting_orange_tuil_200kbps_360p_59.94fps_vp9_avpvs.mkv,test_1/segments/cutting_orange_tuil_200kbps_360p_59.94fps_vp9.mkv,2.034482759,0.283304602,3840,2160,3840,2160,640,360,59.94,vp9
51,src_videos/cutting_orange_tuil.mkv,test_1_avpvs/cutting_orange_tuil_750kbps_360p_59.94fps_vp9_avpvs.mkv,test_1/segments/cutting_orange_tuil_750kbps_360p_59.94fps_vp9.mkv,2.413793103,0.28387984,3840,2160,3840,2160,640,360,59.94,vp9
52,src_videos/cutting_orange_tuil.mkv,test_1_avpvs/cutting_orange_tuil_750kbps_720p_59.94fps_vp9_avpvs.mkv,test_1/segments/cutting_orange_tuil_750kbps_720p_59.94fps_vp9.mkv,3.344827586,0.326632919,3840,2160,3840,2160,1280,720,59.94,vp9
53,src_videos/cutting_orange_tuil.mkv,test_1_avpvs/cutting_orange_tuil_2000kbps_720p_59.94fps_vp9_avpvs.mkv,test_1/segments/cutting_orange_tuil_2000kbps_720p_59.94fps_vp9.mkv,3.724137931,0.321092097,3840,2160,3840,2160,1280,720,59.94,vp9
54,src_videos/cutting_orange_tuil.mkv,test_1_avpvs/cutting_orange_tuil_2000kbps_1080p_59.94fps_vp9_avpvs.mkv,test_1/segments/cutting_orange_tuil_2000kbps_1080p_59.94fps_vp9.mkv,3.620689655,0.342718324,3840,2160,3840,2160,1920,1080,59.94,vp9
55,src_videos/cutting_orange_tuil.mkv,test_1_avpvs/cutting_orange_tuil_7500kbps_1080p_59.94fps_vp9_avpvs.mkv,test_1/segments/cutting_orange_tuil_7500kbps_1080p_59.94fps_vp9.mkv,4.068965517,0.290693926,3840,2160,3840,2160,1920,1080,59.94,vp9
56,src_videos/cutting_orange_tuil.mkv,test_1_avpvs/cutting_orange_tuil_15000kbps_1080p_59.94fps_vp9_avpvs.mkv,test_1/segments/cutting_orange_tuil_15000kbps_1080p_59.94fps_vp9.mkv,4.068965517,0.273936557,3840,2160,3840,2160,1920,1080,59.94,vp9
57,src_videos/cutting_orange_tuil.mkv,test_1_avpvs/cutting_orange_tuil_7500kbps_2160p_59.94fps_vp9_avpvs.mkv,test_1/segments/cutting_orange_tuil_7500kbps_2160p_59.94fps_vp9.mkv,4.275862069,0.290132198,3840,2160,3840,2160,3840,2160,59.94,vp9
58,src_videos/cutting_orange_tuil.mkv,test_1_avpvs/cutting_orange_tuil_15000kbps_2160p_59.94fps_vp9_avpvs.mkv,test_1/segments/cutting_orange_tuil_15000kbps_2160p_59.94fps_vp9.mkv,4.310344828,0.27689812,3840,2160,3840,2160,3840,2160,59.94,vp9
59,src_videos/cutting_orange_tuil.mkv,test_1_avpvs/cutting_orange_tuil_40000kbps_2160p_59.94fps_vp9_avpvs.mkv,test_1/segments/cutting_orange_tuil_40000kbps_2160p_59.94fps_vp9.mkv,4.482758621,0.209092509,3840,2160,3840,2160,3840,2160,59.94,vp9
60,src_videos/vegetables_tuil.mkv,test_1_avpvs/vegetables_tuil_200kbps_360p_59.94fps_h264_avpvs.mkv,test_1/segments/vegetables_tuil_200kbps_360p_59.94fps_h264.mp4,1.896551724,0.341765003,3840,2160,3840,2160,640,360,59.94,h264
61,src_videos/vegetables_tuil.mkv,test_1_avpvs/vegetables_tuil_750kbps_360p_59.94fps_h264_avpvs.mkv,test_1/segments/vegetables_tuil_750kbps_360p_59.94fps_h264.mp4,3.034482759,0.314936406,3840,2160,3840,2160,640,360,59.94,h264
62,src_videos/vegetables_tuil.mkv,test_1_avpvs/vegetables_tuil_750kbps_720p_59.94fps_h264_avpvs.mkv,test_1/segments/vegetables_tuil_750kbps_720p_59.94fps_h264.mp4,2.965517241,0.266082273,3840,2160,3840,2160,1280,720,59.94,h264
63,src_videos/vegetables_tuil.mkv,test_1_avpvs/vegetables_tuil_2000kbps_720p_59.94fps_h264_avpvs.mkv,test_1/segments/vegetables_tuil_2000kbps_720p_59.94fps_h264.mp4,3.586206897,0.266694661,3840,2160,3840,2160,1280,720,59.94,h264
64,src_videos/vegetables_tuil.mkv,test_1_avpvs/vegetables_tuil_2000kbps_1080p_59.94fps_h264_avpvs.mkv,test_1/segments/vegetables_tuil_2000kbps_1080p_59.94fps_h264.mp4,3.655172414,0.296252631,3840,2160,3840,2160,1920,1080,59.94,h264
65,src_videos/vegetables_tuil.mkv,test_1_avpvs/vegetables_tuil_7500kbps_1080p_59.94fps_h264_avpvs.mkv,test_1/segments/vegetables_tuil_7500kbps_1080p_59.94fps_h264.mp4,3.965517241,0.299538342,3840,2160,3840,2160,1920,1080,59.94,h264
66,src_videos/vegetables_tuil.mkv,test_1_avpvs/vegetables_tuil_15000kbps_1080p_59.94fps_h264_avpvs.mkv,test_1/segments/vegetables_tuil_15000kbps_1080p_59.94fps_h264.mp4,4.379310345,0.246344317,3840,2160,3840,2160,1920,1080,59.94,h264
67,src_videos/vegetables_tuil.mkv,test_1_avpvs/vegetables_tuil_7500kbps_2160p_59.94fps_h264_avpvs.mkv,test_1/segments/vegetables_tuil_7500kbps_2160p_59.94fps_h264.mp4,4.206896552,0.328127814,3840,2160,3840,2160,3840,2160,59.94,h264
68,src_videos/vegetables_tuil.mkv,test_1_avpvs/vegetables_tuil_15000kbps_2160p_59.94fps_h264_avpvs.mkv,test_1/segments/vegetables_tuil_15000kbps_2160p_59.94fps_h264.mp4,4.275862069,0.255447157,3840,2160,3840,2160,3840,2160,59.94,h264
69,src_videos/vegetables_tuil.mkv,test_1_avpvs/vegetables_tuil_40000kbps_2160p_59.94fps_h264_avpvs.mkv,test_1/segments/vegetables_tuil_40000kbps_2160p_59.94fps_h264.mp4,4.413793103,0.28387984,3840,2160,3840,2160,3840,2160,59.94,h264
70,src_videos/vegetables_tuil.mkv,test_1_avpvs/vegetables_tuil_200kbps_360p_59.94fps_hevc_avpvs.mkv,test_1/segments/vegetables_tuil_200kbps_360p_59.94fps_hevc.mp4,2.275862069,0.290132198,3840,2160,3840,2160,640,360,59.94,hevc
71,src_videos/vegetables_tuil.mkv,test_1_avpvs/vegetables_tuil_750kbps_360p_59.94fps_hevc_avpvs.mkv,test_1/segments/vegetables_tuil_750kbps_360p_59.94fps_hevc.mp4,2.896551724,0.224880565,3840,2160,3840,2160,640,360,59.94,hevc
72,src_videos/vegetables_tuil.mkv,test_1_avpvs/vegetables_tuil_750kbps_720p_59.94fps_hevc_avpvs.mkv,test_1/segments/vegetables_tuil_750kbps_720p_59.94fps_hevc.mp4,3.379310345,0.264853249,3840,2160,3840,2160,1280,720,59.94,hevc
73,src_videos/vegetables_tuil.mkv,test_1_avpvs/vegetables_tuil_2000kbps_720p_59.94fps_hevc_avpvs.mkv,test_1/segments/vegetables_tuil_2000kbps_720p_59.94fps_hevc.mp4,3.896551724,0.263618495,3840,2160,3840,2160,1280,720,59.94,hevc
74,src_videos/vegetables_tuil.mkv,test_1_avpvs/vegetables_tuil_2000kbps_1080p_59.94fps_hevc_avpvs.mkv,test_1/segments/vegetables_tuil_2000kbps_1080p_59.94fps_hevc.mp4,4.103448276,0.224880565,3840,2160,3840,2160,1920,1080,59.94,hevc
75,src_videos/vegetables_tuil.mkv,test_1_avpvs/vegetables_tuil_7500kbps_1080p_59.94fps_hevc_avpvs.mkv,test_1/segments/vegetables_tuil_7500kbps_1080p_59.94fps_hevc.mp4,4.24137931,0.286169231,3840,2160,3840,2160,1920,1080,59.94,hevc
76,src_videos/vegetables_tuil.mkv,test_1_avpvs/vegetables_tuil_15000kbps_1080p_59.94fps_hevc_avpvs.mkv,test_1/segments/vegetables_tuil_15000kbps_1080p_59.94fps_hevc.mp4,4.344827586,0.27982834,3840,2160,3840,2160,1920,1080,59.94,hevc
77,src_videos/vegetables_tuil.mkv,test_1_avpvs/vegetables_tuil_7500kbps_2160p_59.94fps_hevc_avpvs.mkv,test_1/segments/vegetables_tuil_7500kbps_2160p_59.94fps_hevc.mp4,4.379310345,0.204357725,3840,2160,3840,2160,3840,2160,59.94,hevc
78,src_videos/vegetables_tuil.mkv,test_1_avpvs/vegetables_tuil_15000kbps_2160p_59.94fps_hevc_avpvs.mkv,test_1/segments/vegetables_tuil_15000kbps_2160p_59.94fps_hevc.mp4,4.482758621,0.209092509,3840,2160,3840,2160,3840,2160,59.94,hevc
79,src_videos/vegetables_tuil.mkv,test_1_avpvs/vegetables_tuil_40000kbps_2160p_59.94fps_hevc_avpvs.mkv,test_1/segments/vegetables_tuil_40000kbps_2160p_59.94fps_hevc.mp4,4.517241379,0.230610925,3840,2160,3840,2160,3840,2160,59.94,hevc
80,src_videos/vegetables_tuil.mkv,test_1_avpvs/vegetables_tuil_200kbps_360p_59.94fps_vp9_avpvs.mkv,test_1/segments/vegetables_tuil_200kbps_360p_59.94fps_vp9.mkv,2.172413793,0.276308347,3840,2160,3840,2160,640,360,59.94,vp9
81,src_videos/vegetables_tuil.mkv,test_1_avpvs/vegetables_tuil_750kbps_360p_59.94fps_vp9_avpvs.mkv,test_1/segments/vegetables_tuil_750kbps_360p_59.94fps_vp9.mkv,2.862068966,0.287307085,3840,2160,3840,2160,640,360,59.94,vp9
82,src_videos/vegetables_tuil.mkv,test_1_avpvs/vegetables_tuil_750kbps_720p_59.94fps_vp9_avpvs.mkv,test_1/segments/vegetables_tuil_750kbps_720p_59.94fps_vp9.mkv,3.344827586,0.326632919,3840,2160,3840,2160,1280,720,59.94,vp9
83,src_videos/vegetables_tuil.mkv,test_1_avpvs/vegetables_tuil_2000kbps_720p_59.94fps_vp9_avpvs.mkv,test_1/segments/vegetables_tuil_2000kbps_720p_59.94fps_vp9.mkv,3.517241379,0.268523446,3840,2160,3840,2160,1280,720,59.94,vp9
84,src_videos/vegetables_tuil.mkv,test_1_avpvs/vegetables_tuil_2000kbps_1080p_59.94fps_vp9_avpvs.mkv,test_1/segments/vegetables_tuil_2000kbps_1080p_59.94fps_vp9.mkv,4.068965517,0.273936557,3840,2160,3840,2160,1920,1080,59.94,vp9
85,src_videos/vegetables_tuil.mkv,test_1_avpvs/vegetables_tuil_7500kbps_1080p_59.94fps_vp9_avpvs.mkv,test_1/segments/vegetables_tuil_7500kbps_1080p_59.94fps_vp9.mkv,4,0.291814138,3840,2160,3840,2160,1920,1080,59.94,vp9
86,src_videos/vegetables_tuil.mkv,test_1_avpvs/vegetables_tuil_15000kbps_1080p_59.94fps_vp9_avpvs.mkv,test_1/segments/vegetables_tuil_15000kbps_1080p_59.94fps_vp9.mkv,3.965517241,0.32961593,3840,2160,3840,2160,1920,1080,59.94,vp9
87,src_videos/vegetables_tuil.mkv,test_1_avpvs/vegetables_tuil_7500kbps_2160p_59.94fps_vp9_avpvs.mkv,test_1/segments/vegetables_tuil_7500kbps_2160p_59.94fps_vp9.mkv,4.517241379,0.250286076,3840,2160,3840,2160,3840,2160,59.94,vp9
88,src_videos/vegetables_tuil.mkv,test_1_avpvs/vegetables_tuil_15000kbps_2160p_59.94fps_vp9_avpvs.mkv,test_1/segments/vegetables_tuil_15000kbps_2160p_59.94fps_vp9.mkv,4.482758621,0.230610925,3840,2160,3840,2160,3840,2160,59.94,vp9
89,src_videos/vegetables_tuil.mkv,test_1_avpvs/vegetables_tuil_40000kbps_2160p_59.94fps_vp9_avpvs.mkv,test_1/segments/vegetables_tuil_40000kbps_2160p_59.94fps_vp9.mkv,4.75862069,0.158500792,3840,2160,3840,2160,3840,2160,59.94,vp9
90,src_videos/water_netflix.mkv,test_1_avpvs/water_netflix_200kbps_360p_59.94fps_h264_avpvs.mkv,test_1/segments/water_netflix_200kbps_360p_59.94fps_h264.mp4,1.103448276,0.148950008,3840,2160,3840,2160,640,360,59.94,h264
91,src_videos/water_netflix.mkv,test_1_avpvs/water_netflix_750kbps_360p_59.94fps_h264_avpvs.mkv,test_1/segments/water_netflix_750kbps_360p_59.94fps_h264.mp4,1.620689655,0.246344317,3840,2160,3840,2160,640,360,59.94,h264
92,src_videos/water_netflix.mkv,test_1_avpvs/water_netflix_750kbps_720p_59.94fps_h264_avpvs.mkv,test_1/segments/water_netflix_750kbps_720p_59.94fps_h264.mp4,1.482758621,0.268523446,3840,2160,3840,2160,1280,720,59.94,h264
93,src_videos/water_netflix.mkv,test_1_avpvs/water_netflix_2000kbps_720p_59.94fps_h264_avpvs.mkv,test_1/segments/water_netflix_2000kbps_720p_59.94fps_h264.mp4,2,0.217505416,3840,2160,3840,2160,1280,720,59.94,h264
94,src_videos/water_netflix.mkv,test_1_avpvs/water_netflix_2000kbps_1080p_59.94fps_h264_avpvs.mkv,test_1/segments/water_netflix_2000kbps_1080p_59.94fps_h264.mp4,1.620689655,0.264853249,3840,2160,3840,2160,1920,1080,59.94,h264
95,src_videos/water_netflix.mkv,test_1_avpvs/water_netflix_7500kbps_1080p_59.94fps_h264_avpvs.mkv,test_1/segments/water_netflix_7500kbps_1080p_59.94fps_h264.mp4,3.24137931,0.26913028,3840,2160,3840,2160,1920,1080,59.94,h264
96,src_videos/water_netflix.mkv,test_1_avpvs/water_netflix_15000kbps_1080p_59.94fps_h264_avpvs.mkv,test_1/segments/water_netflix_15000kbps_1080p_59.94fps_h264.mp4,3.620689655,0.313898721,3840,2160,3840,2160,1920,1080,59.94,h264
97,src_videos/water_netflix.mkv,test_1_avpvs/water_netflix_7500kbps_2160p_59.94fps_h264_avpvs.mkv,test_1/segments/water_netflix_7500kbps_2160p_59.94fps_h264.mp4,1.896551724,0.224880565,3840,2160,3840,2160,3840,2160,59.94,h264
98,src_videos/water_netflix.mkv,test_1_avpvs/water_netflix_15000kbps_2160p_59.94fps_h264_avpvs.mkv,test_1/segments/water_netflix_15000kbps_2160p_59.94fps_h264.mp4,2.827586207,0.351645999,3840,2160,3840,2160,3840,2160,59.94,h264
99,src_videos/water_netflix.mkv,test_1_avpvs/water_netflix_40000kbps_2160p_59.94fps_h264_avpvs.mkv,test_1/segments/water_netflix_40000kbps_2160p_59.94fps_h264.mp4,3.965517241,0.283304602,3840,2160,3840,2160,3840,2160,59.94,h264
100,src_videos/water_netflix.mkv,test_1_avpvs/water_netflix_200kbps_360p_59.94fps_hevc_avpvs.mkv,test_1/segments/water_netflix_200kbps_360p_59.94fps_hevc.mp4,1,0,3840,2160,3840,2160,640,360,59.94,hevc
101,src_videos/water_netflix.mkv,test_1_avpvs/water_netflix_750kbps_360p_59.94fps_hevc_avpvs.mkv,test_1/segments/water_netflix_750kbps_360p_59.94fps_hevc.mp4,1.551724138,0.208310852,3840,2160,3840,2160,640,360,59.94,hevc
102,src_videos/water_netflix.mkv,test_1_avpvs/water_netflix_750kbps_720p_59.94fps_hevc_avpvs.mkv,test_1/segments/water_netflix_750kbps_720p_59.94fps_hevc.mp4,1.034482759,0.067584965,3840,2160,3840,2160,1280,720,59.94,hevc
103,src_videos/water_netflix.mkv,test_1_avpvs/water_netflix_2000kbps_720p_59.94fps_hevc_avpvs.mkv,test_1/segments/water_netflix_2000kbps_720p_59.94fps_hevc.mp4,2,0.30759911,3840,2160,3840,2160,1280,720,59.94,hevc
104,src_videos/water_netflix.mkv,test_1_avpvs/water_netflix_2000kbps_1080p_59.94fps_hevc_avpvs.mkv,test_1/segments/water_netflix_2000kbps_1080p_59.94fps_hevc.mp4,1.275862069,0.165548678,3840,2160,3840,2160,1920,1080,59.94,hevc
105,src_videos/water_netflix.mkv,test_1_avpvs/water_netflix_7500kbps_1080p_59.94fps_hevc_avpvs.mkv,test_1/segments/water_netflix_7500kbps_1080p_59.94fps_hevc.mp4,3.310344828,0.240310479,3840,2160,3840,2160,1920,1080,59.94,hevc
106,src_videos/water_netflix.mkv,test_1_avpvs/water_netflix_15000kbps_1080p_59.94fps_hevc_avpvs.mkv,test_1/segments/water_netflix_15000kbps_1080p_59.94fps_hevc.mp4,4,0.291814138,3840,2160,3840,2160,1920,1080,59.94,hevc
107,src_videos/water_netflix.mkv,test_1_avpvs/water_netflix_7500kbps_2160p_59.94fps_hevc_avpvs.mkv,test_1/segments/water_netflix_7500kbps_2160p_59.94fps_hevc.mp4,2.620689655,0.264853249,3840,2160,3840,2160,3840,2160,59.94,hevc
108,src_videos/water_netflix.mkv,test_1_avpvs/water_netflix_15000kbps_2160p_59.94fps_hevc_avpvs.mkv,test_1/segments/water_netflix_15000kbps_2160p_59.94fps_hevc.mp4,3.413793103,0.266694661,3840,2160,3840,2160,3840,2160,59.94,hevc
109,src_videos/water_netflix.mkv,test_1_avpvs/water_netflix_40000kbps_2160p_59.94fps_hevc_avpvs.mkv,test_1/segments/water_netflix_40000kbps_2160p_59.94fps_hevc.mp4,4.379310345,0.282150607,3840,2160,3840,2160,3840,2160,59.94,hevc
110,src_videos/water_netflix.mkv,test_1_avpvs/water_netflix_200kbps_360p_59.94fps_vp9_avpvs.mkv,test_1/segments/water_netflix_200kbps_360p_59.94fps_vp9.mkv,1.310344828,0.240310479,3840,2160,3840,2160,640,360,59.94,vp9
111,src_videos/water_netflix.mkv,test_1_avpvs/water_netflix_750kbps_360p_59.94fps_vp9_avpvs.mkv,test_1/segments/water_netflix_750kbps_360p_59.94fps_vp9.mkv,1.965517241,0.266082273,3840,2160,3840,2160,640,360,59.94,vp9
112,src_videos/water_netflix.mkv,test_1_avpvs/water_netflix_750kbps_720p_59.94fps_vp9_avpvs.mkv,test_1/segments/water_netflix_750kbps_720p_59.94fps_vp9.mkv,1.862068966,0.232723435,3840,2160,3840,2160,1280,720,59.94,vp9
113,src_videos/water_netflix.mkv,test_1_avpvs/water_netflix_2000kbps_720p_59.94fps_vp9_avpvs.mkv,test_1/segments/water_netflix_2000kbps_720p_59.94fps_vp9.mkv,2.689655172,0.293486439,3840,2160,3840,2160,1280,720,59.94,vp9
114,src_videos/water_netflix.mkv,test_1_avpvs/water_netflix_2000kbps_1080p_59.94fps_vp9_avpvs.mkv,test_1/segments/water_netflix_2000kbps_1080p_59.94fps_vp9.mkv,2.517241379,0.317001585,3840,2160,3840,2160,1920,1080,59.94,vp9
115,src_videos/water_netflix.mkv,test_1_avpvs/water_netflix_7500kbps_1080p_59.94fps_vp9_avpvs.mkv,test_1/segments/water_netflix_7500kbps_1080p_59.94fps_vp9.mkv,3.655172414,0.243681057,3840,2160,3840,2160,1920,1080,59.94,vp9
116,src_videos/water_netflix.mkv,test_1_avpvs/water_netflix_15000kbps_1080p_59.94fps_vp9_avpvs.mkv,test_1/segments/water_netflix_15000kbps_1080p_59.94fps_vp9.mkv,4.206896552,0.245681208,3840,2160,3840,2160,1920,1080,59.94,vp9
117,src_videos/water_netflix.mkv,test_1_avpvs/water_netflix_7500kbps_2160p_59.94fps_vp9_avpvs.mkv,test_1/segments/water_netflix_7500kbps_2160p_59.94fps_vp9.mkv,3.482758621,0.371936674,3840,2160,3840,2160,3840,2160,59.94,vp9
118,src_videos/water_netflix.mkv,test_1_avpvs/water_netflix_15000kbps_2160p_59.94fps_vp9_avpvs.mkv,test_1/segments/water_netflix_15000kbps_2160p_59.94fps_vp9.mkv,4,0.322612668,3840,2160,3840,2160,3840,2160,59.94,vp9
119,src_videos/water_netflix.mkv,test_1_avpvs/water_netflix_40000kbps_2160p_59.94fps_vp9_avpvs.mkv,test_1/segments/water_netflix_40000kbps_2160p_59.94fps_vp9.mkv,4.482758621,0.250286076,3840,2160,3840,2160,3840,2160,59.94,vp9
120,src_videos/cutting_orange_tuil_8s.mkv,test_2_avpvs/cutting_orange_tuil_8s_97kbps_360p_59.94fps_h264_avpvs.mkv,test_2/segments/cutting_orange_tuil_8s_97kbps_360p_59.94fps_h264.mp4,1.416666667,0.233481167,3840,2160,3840,2160,640,360,59.94,h264
121,src_videos/cutting_orange_tuil_8s.mkv,test_2_avpvs/cutting_orange_tuil_8s_617kbps_360p_59.94fps_h264_avpvs.mkv,test_2/segments/cutting_orange_tuil_8s_617kbps_360p_59.94fps_h264.mp4,2.625,0.284429759,3840,2160,3840,2160,640,360,59.94,h264
122,src_videos/cutting_orange_tuil_8s.mkv,test_2_avpvs/cutting_orange_tuil_8s_1138kbps_360p_59.94fps_h264_avpvs.mkv,test_2/segments/cutting_orange_tuil_8s_1138kbps_360p_59.94fps_h264.mp4,2.625,0.197851713,3840,2160,3840,2160,640,360,59.94,h264
123,src_videos/cutting_orange_tuil_8s.mkv,test_2_avpvs/cutting_orange_tuil_8s_1659kbps_360p_59.94fps_h264_avpvs.mkv,test_2/segments/cutting_orange_tuil_8s_1659kbps_360p_59.94fps_h264.mp4,2.833333333,0.30461264,3840,2160,3840,2160,640,360,59.94,h264
124,src_videos/cutting_orange_tuil_8s.mkv,test_2_avpvs/cutting_orange_tuil_8s_387kbps_720p_59.94fps_h264_avpvs.mkv,test_2/segments/cutting_orange_tuil_8s_387kbps_720p_59.94fps_h264.mp4,2.083333333,0.286967095,3840,2160,3840,2160,1280,720,59.94,h264
125,src_videos/cutting_orange_tuil_8s.mkv,test_2_avpvs/cutting_orange_tuil_8s_2470kbps_720p_59.94fps_h264_avpvs.mkv,test_2/segments/cutting_orange_tuil_8s_2470kbps_720p_59.94fps_h264.mp4,4,0.204340371,3840,2160,3840,2160,1280,720,59.94,h264
126,src_videos/cutting_orange_tuil_8s.mkv,test_2_avpvs/cutting_orange_tuil_8s_4553kbps_720p_59.94fps_h264_avpvs.mkv,test_2/segments/cutting_orange_tuil_8s_4553kbps_720p_59.94fps_h264.mp4,4.125,0.271921171,3840,2160,3840,2160,1280,720,59.94,h264
127,src_videos/cutting_orange_tuil_8s.mkv,test_2_avpvs/cutting_orange_tuil_8s_6635kbps_720p_59.94fps_h264_avpvs.mkv,test_2/segments/cutting_orange_tuil_8s_6635kbps_720p_59.94fps_h264.mp4,4.083333333,0.233481167,3840,2160,3840,2160,1280,720,59.94,h264
128,src_videos/cutting_orange_tuil_8s.mkv,test_2_avpvs/cutting_orange_tuil_8s_871kbps_1080p_59.94fps_h264_avpvs.mkv,test_2/segments/cutting_orange_tuil_8s_871kbps_1080p_59.94fps_h264.mp4,2.541666667,0.288478785,3840,2160,3840,2160,1920,1080,59.94,h264
129,src_videos/cutting_orange_tuil_8s.mkv,test_2_avpvs/cutting_orange_tuil_8s_5557kbps_1080p_59.94fps_h264_avpvs.mkv,test_2/segments/cutting_orange_tuil_8s_5557kbps_1080p_59.94fps_h264.mp4,4.166666667,0.30461264,3840,2160,3840,2160,1920,1080,59.94,h264
130,src_videos/cutting_orange_tuil_8s.mkv,test_2_avpvs/cutting_orange_tuil_8s_10244kbps_1080p_59.94fps_h264_avpvs.mkv,test_2/segments/cutting_orange_tuil_8s_10244kbps_1080p_59.94fps_h264.mp4,4.416666667,0.201482323,3840,2160,3840,2160,1920,1080,59.94,h264
131,src_videos/cutting_orange_tuil_8s.mkv,test_2_avpvs/cutting_orange_tuil_8s_14930kbps_1080p_59.94fps_h264_avpvs.mkv,test_2/segments/cutting_orange_tuil_8s_14930kbps_1080p_59.94fps_h264.mp4,4.416666667,0.233481167,3840,2160,3840,2160,1920,1080,59.94,h264
132,src_videos/cutting_orange_tuil_8s.mkv,test_2_avpvs/cutting_orange_tuil_8s_3484kbps_2160p_59.94fps_h264_avpvs.mkv,test_2/segments/cutting_orange_tuil_8s_3484kbps_2160p_59.94fps_h264.mp4,3.416666667,0.310271563,3840,2160,3840,2160,3840,2160,59.94,h264
133,src_videos/cutting_orange_tuil_8s.mkv,test_2_avpvs/cutting_orange_tuil_8s_22229kbps_2160p_59.94fps_h264_avpvs.mkv,test_2/segments/cutting_orange_tuil_8s_22229kbps_2160p_59.94fps_h264.mp4,4.583333333,0.201482323,3840,2160,3840,2160,3840,2160,59.94,h264
134,src_videos/cutting_orange_tuil_8s.mkv,test_2_avpvs/cutting_orange_tuil_8s_40974kbps_2160p_59.94fps_h264_avpvs.mkv,test_2/segments/cutting_orange_tuil_8s_40974kbps_2160p_59.94fps_h264.mp4,4.666666667,0.192653949,3840,2160,3840,2160,3840,2160,59.94,h264
135,src_videos/cutting_orange_tuil_8s.mkv,test_2_avpvs/cutting_orange_tuil_8s_59720kbps_2160p_59.94fps_h264_avpvs.mkv,test_2/segments/cutting_orange_tuil_8s_59720kbps_2160p_59.94fps_h264.mp4,4.875,0.135158451,3840,2160,3840,2160,3840,2160,59.94,h264
136,src_videos/cutting_orange_tuil_8s.mkv,test_2_avpvs/cutting_orange_tuil_8s_97kbps_360p_59.94fps_hevc_avpvs.mkv,test_2/segments/cutting_orange_tuil_8s_97kbps_360p_59.94fps_hevc.mp4,1.541666667,0.288478785,3840,2160,3840,2160,640,360,59.94,hevc
137,src_videos/cutting_orange_tuil_8s.mkv,test_2_avpvs/cutting_orange_tuil_8s_617kbps_360p_59.94fps_hevc_avpvs.mkv,test_2/segments/cutting_orange_tuil_8s_617kbps_360p_59.94fps_hevc.mp4,2.5,0.333686428,3840,2160,3840,2160,640,360,59.94,hevc
138,src_videos/cutting_orange_tuil_8s.mkv,test_2_avpvs/cutting_orange_tuil_8s_1138kbps_360p_59.94fps_hevc_avpvs.mkv,test_2/segments/cutting_orange_tuil_8s_1138kbps_360p_59.94fps_hevc.mp4,3.083333333,0.286967095,3840,2160,3840,2160,640,360,59.94,hevc
139,src_videos/cutting_orange_tuil_8s.mkv,test_2_avpvs/cutting_orange_tuil_8s_1659kbps_360p_59.94fps_hevc_avpvs.mkv,test_2/segments/cutting_orange_tuil_8s_1659kbps_360p_59.94fps_hevc.mp4,3.041666667,0.276153661,3840,2160,3840,2160,640,360,59.94,hevc
140,src_videos/cutting_orange_tuil_8s.mkv,test_2_avpvs/cutting_orange_tuil_8s_387kbps_720p_59.94fps_hevc_avpvs.mkv,test_2/segments/cutting_orange_tuil_8s_387kbps_720p_59.94fps_hevc.mp4,2.708333333,0.276153661,3840,2160,3840,2160,1280,720,59.94,hevc
141,src_videos/cutting_orange_tuil_8s.mkv,test_2_avpvs/cutting_orange_tuil_8s_2470kbps_720p_59.94fps_hevc_avpvs.mkv,test_2/segments/cutting_orange_tuil_8s_2470kbps_720p_59.94fps_hevc.mp4,4.041666667,0.276153661,3840,2160,3840,2160,1280,720,59.94,hevc
142,src_videos/cutting_orange_tuil_8s.mkv,test_2_avpvs/cutting_orange_tuil_8s_4553kbps_720p_59.94fps_hevc_avpvs.mkv,test_2/segments/cutting_orange_tuil_8s_4553kbps_720p_59.94fps_hevc.mp4,4.25,0.270316902,3840,2160,3840,2160,1280,720,59.94,hevc
143,src_videos/cutting_orange_tuil_8s.mkv,test_2_avpvs/cutting_orange_tuil_8s_6635kbps_720p_59.94fps_hevc_avpvs.mkv,test_2/segments/cutting_orange_tuil_8s_6635kbps_720p_59.94fps_hevc.mp4,3.958333333,0.276153661,3840,2160,3840,2160,1280,720,59.94,hevc
144,src_videos/cutting_orange_tuil_8s.mkv,test_2_avpvs/cutting_orange_tuil_8s_871kbps_1080p_59.94fps_hevc_avpvs.mkv,test_2/segments/cutting_orange_tuil_8s_871kbps_1080p_59.94fps_hevc.mp4,3.458333333,0.235336676,3840,2160,3840,2160,1920,1080,59.94,hevc
145,src_videos/cutting_orange_tuil_8s.mkv,test_2_avpvs/cutting_orange_tuil_8s_5557kbps_1080p_59.94fps_hevc_avpvs.mkv,test_2/segments/cutting_orange_tuil_8s_5557kbps_1080p_59.94fps_hevc.mp4,4.416666667,0.261594695,3840,2160,3840,2160,1920,1080,59.94,hevc
146,src_videos/cutting_orange_tuil_8s.mkv,test_2_avpvs/cutting_orange_tuil_8s_10244kbps_1080p_59.94fps_hevc_avpvs.mkv,test_2/segments/cutting_orange_tuil_8s_10244kbps_1080p_59.94fps_hevc.mp4,4.375,0.230355442,3840,2160,3840,2160,1920,1080,59.94,hevc
147,src_videos/cutting_orange_tuil_8s.mkv,test_2_avpvs/cutting_orange_tuil_8s_14930kbps_1080p_59.94fps_hevc_avpvs.mkv,test_2/segments/cutting_orange_tuil_8s_14930kbps_1080p_59.94fps_hevc.mp4,4.666666667,0.192653949,3840,2160,3840,2160,1920,1080,59.94,hevc
148,src_videos/cutting_orange_tuil_8s.mkv,test_2_avpvs/cutting_orange_tuil_8s_3484kbps_2160p_59.94fps_hevc_avpvs.mkv,test_2/segments/cutting_orange_tuil_8s_3484kbps_2160p_59.94fps_hevc.mp4,4.541666667,0.235336676,3840,2160,3840,2160,3840,2160,59.94,hevc
149,src_videos/cutting_orange_tuil_8s.mkv,test_2_avpvs/cutting_orange_tuil_8s_22229kbps_2160p_59.94fps_hevc_avpvs.mkv,test_2/segments/cutting_orange_tuil_8s_22229kbps_2160p_59.94fps_hevc.mp4,4.75,0.176963952,3840,2160,3840,2160,3840,2160,59.94,hevc
150,src_videos/cutting_orange_tuil_8s.mkv,test_2_avpvs/cutting_orange_tuil_8s_40974kbps_2160p_59.94fps_hevc_avpvs.mkv,test_2/segments/cutting_orange_tuil_8s_40974kbps_2160p_59.94fps_hevc.mp4,4.666666667,0.22590678,3840,2160,3840,2160,3840,2160,59.94,hevc
151,src_videos/cutting_orange_tuil_8s.mkv,test_2_avpvs/cutting_orange_tuil_8s_59720kbps_2160p_59.94fps_hevc_avpvs.mkv,test_2/segments/cutting_orange_tuil_8s_59720kbps_2160p_59.94fps_hevc.mp4,4.833333333,0.15230632,3840,2160,3840,2160,3840,2160,59.94,hevc
152,src_videos/Dancers_8s.mkv,test_2_avpvs/Dancers_8s_97kbps_360p_60.0fps_h264_avpvs.mkv,test_2/segments/Dancers_8s_97kbps_360p_60.0fps_h264.mp4,1.583333333,0.233481167,3840,2160,3840,2160,640,360,60,h264
153,src_videos/Dancers_8s.mkv,test_2_avpvs/Dancers_8s_617kbps_360p_60.0fps_h264_avpvs.mkv,test_2/segments/Dancers_8s_617kbps_360p_60.0fps_h264.mp4,2.666666667,0.192653949,3840,2160,3840,2160,640,360,60,h264
154,src_videos/Dancers_8s.mkv,test_2_avpvs/Dancers_8s_1138kbps_360p_60.0fps_h264_avpvs.mkv,test_2/segments/Dancers_8s_1138kbps_360p_60.0fps_h264.mp4,2.583333333,0.201482323,3840,2160,3840,2160,640,360,60,h264
155,src_videos/Dancers_8s.mkv,test_2_avpvs/Dancers_8s_1659kbps_360p_60.0fps_h264_avpvs.mkv,test_2/segments/Dancers_8s_1659kbps_360p_60.0fps_h264.mp4,2.708333333,0.249684833,3840,2160,3840,2160,640,360,60,h264
156,src_videos/Dancers_8s.mkv,test_2_avpvs/Dancers_8s_387kbps_720p_60.0fps_h264_avpvs.mkv,test_2/segments/Dancers_8s_387kbps_720p_60.0fps_h264.mp4,2.875,0.135158451,3840,2160,3840,2160,1280,720,60,h264
157,src_videos/Dancers_8s.mkv,test_2_avpvs/Dancers_8s_2470kbps_720p_60.0fps_h264_avpvs.mkv,test_2/segments/Dancers_8s_2470kbps_720p_60.0fps_h264.mp4,3.291666667,0.249684833,3840,2160,3840,2160,1280,720,60,h264
158,src_videos/Dancers_8s.mkv,test_2_avpvs/Dancers_8s_4553kbps_720p_60.0fps_h264_avpvs.mkv,test_2/segments/Dancers_8s_4553kbps_720p_60.0fps_h264.mp4,3.875,0.214719503,3840,2160,3840,2160,1280,720,60,h264
159,src_videos/Dancers_8s.mkv,test_2_avpvs/Dancers_8s_6635kbps_720p_60.0fps_h264_avpvs.mkv,test_2/segments/Dancers_8s_6635kbps_720p_60.0fps_h264.mp4,3.833333333,0.254857219,3840,2160,3840,2160,1280,720,60,h264
160,src_videos/Dancers_8s.mkv,test_2_avpvs/Dancers_8s_871kbps_1080p_60.0fps_h264_avpvs.mkv,test_2/segments/Dancers_8s_871kbps_1080p_60.0fps_h264.mp4,3.208333333,0.20362962,3840,2160,3840,2160,1920,1080,60,h264
161,src_videos/Dancers_8s.mkv,test_2_avpvs/Dancers_8s_5557kbps_1080p_60.0fps_h264_avpvs.mkv,test_2/segments/Dancers_8s_5557kbps_1080p_60.0fps_h264.mp4,2.166666667,0.192653949,3840,2160,3840,2160,1920,1080,60,h264
162,src_videos/Dancers_8s.mkv,test_2_avpvs/Dancers_8s_10244kbps_1080p_60.0fps_h264_avpvs.mkv,test_2/segments/Dancers_8s_10244kbps_1080p_60.0fps_h264.mp4,3.958333333,0.220054963,3840,2160,3840,2160,1920,1080,60,h264
163,src_videos/Dancers_8s.mkv,test_2_avpvs/Dancers_8s_14930kbps_1080p_60.0fps_h264_avpvs.mkv,test_2/segments/Dancers_8s_14930kbps_1080p_60.0fps_h264.mp4,4.291666667,0.249684833,3840,2160,3840,2160,1920,1080,60,h264
164,src_videos/Dancers_8s.mkv,test_2_avpvs/Dancers_8s_3484kbps_2160p_60.0fps_h264_avpvs.mkv,test_2/segments/Dancers_8s_3484kbps_2160p_60.0fps_h264.mp4,2.291666667,0.276153661,3840,2160,3840,2160,3840,2160,60,h264
165,src_videos/Dancers_8s.mkv,test_2_avpvs/Dancers_8s_22229kbps_2160p_60.0fps_h264_avpvs.mkv,test_2/segments/Dancers_8s_22229kbps_2160p_60.0fps_h264.mp4,3.833333333,0.254857219,3840,2160,3840,2160,3840,2160,60,h264
166,src_videos/Dancers_8s.mkv,test_2_avpvs/Dancers_8s_40974kbps_2160p_60.0fps_h264_avpvs.mkv,test_2/segments/Dancers_8s_40974kbps_2160p_60.0fps_h264.mp4,2.5,0.235951936,3840,2160,3840,2160,3840,2160,60,h264
167,src_videos/Dancers_8s.mkv,test_2_avpvs/Dancers_8s_59720kbps_2160p_60.0fps_h264_avpvs.mkv,test_2/segments/Dancers_8s_59720kbps_2160p_60.0fps_h264.mp4,3.083333333,0.233481167,3840,2160,3840,2160,3840,2160,60,h264
168,src_videos/Dancers_8s.mkv,test_2_avpvs/Dancers_8s_97kbps_360p_60.0fps_hevc_avpvs.mkv,test_2/segments/Dancers_8s_97kbps_360p_60.0fps_hevc.mp4,1.416666667,0.201482323,3840,2160,3840,2160,640,360,60,hevc
169,src_videos/Dancers_8s.mkv,test_2_avpvs/Dancers_8s_617kbps_360p_60.0fps_hevc_avpvs.mkv,test_2/segments/Dancers_8s_617kbps_360p_60.0fps_hevc.mp4,2.875,0.271921171,3840,2160,3840,2160,640,360,60,hevc
170,src_videos/Dancers_8s.mkv,test_2_avpvs/Dancers_8s_1138kbps_360p_60.0fps_hevc_avpvs.mkv,test_2/segments/Dancers_8s_1138kbps_360p_60.0fps_hevc.mp4,2.666666667,0.22590678,3840,2160,3840,2160,640,360,60,hevc
171,src_videos/Dancers_8s.mkv,test_2_avpvs/Dancers_8s_1659kbps_360p_60.0fps_hevc_avpvs.mkv,test_2/segments/Dancers_8s_1659kbps_360p_60.0fps_hevc.mp4,2.916666667,0.286967095,3840,2160,3840,2160,640,360,60,hevc
172,src_videos/Dancers_8s.mkv,test_2_avpvs/Dancers_8s_387kbps_720p_60.0fps_hevc_avpvs.mkv,test_2/segments/Dancers_8s_387kbps_720p_60.0fps_hevc.mp4,3.125,0.244995498,3840,2160,3840,2160,1280,720,60,hevc
173,src_videos/Dancers_8s.mkv,test_2_avpvs/Dancers_8s_2470kbps_720p_60.0fps_hevc_avpvs.mkv,test_2/segments/Dancers_8s_2470kbps_720p_60.0fps_hevc.mp4,4,0.235951936,3840,2160,3840,2160,1280,720,60,hevc
174,src_videos/Dancers_8s.mkv,test_2_avpvs/Dancers_8s_4553kbps_720p_60.0fps_hevc_avpvs.mkv,test_2/segments/Dancers_8s_4553kbps_720p_60.0fps_hevc.mp4,4.083333333,0.233481167,3840,2160,3840,2160,1280,720,60,hevc
175,src_videos/Dancers_8s.mkv,test_2_avpvs/Dancers_8s_6635kbps_720p_60.0fps_hevc_avpvs.mkv,test_2/segments/Dancers_8s_6635kbps_720p_60.0fps_hevc.mp4,4,0.235951936,3840,2160,3840,2160,1280,720,60,hevc
176,src_videos/Dancers_8s.mkv,test_2_avpvs/Dancers_8s_871kbps_1080p_60.0fps_hevc_avpvs.mkv,test_2/segments/Dancers_8s_871kbps_1080p_60.0fps_hevc.mp4,3.625,0.230355442,3840,2160,3840,2160,1920,1080,60,hevc
177,src_videos/Dancers_8s.mkv,test_2_avpvs/Dancers_8s_5557kbps_1080p_60.0fps_hevc_avpvs.mkv,test_2/segments/Dancers_8s_5557kbps_1080p_60.0fps_hevc.mp4,4.208333333,0.20362962,3840,2160,3840,2160,1920,1080,60,hevc
178,src_videos/Dancers_8s.mkv,test_2_avpvs/Dancers_8s_10244kbps_1080p_60.0fps_hevc_avpvs.mkv,test_2/segments/Dancers_8s_10244kbps_1080p_60.0fps_hevc.mp4,4.125,0.214719503,3840,2160,3840,2160,1920,1080,60,hevc
179,src_videos/Dancers_8s.mkv,test_2_avpvs/Dancers_8s_14930kbps_1080p_60.0fps_hevc_avpvs.mkv,test_2/segments/Dancers_8s_14930kbps_1080p_60.0fps_hevc.mp4,4.25,0.270316902,3840,2160,3840,2160,1920,1080,60,hevc
180,src_videos/Dancers_8s.mkv,test_2_avpvs/Dancers_8s_3484kbps_2160p_60.0fps_hevc_avpvs.mkv,test_2/segments/Dancers_8s_3484kbps_2160p_60.0fps_hevc.mp4,4,0.312135072,3840,2160,3840,2160,3840,2160,60,hevc
181,src_videos/Dancers_8s.mkv,test_2_avpvs/Dancers_8s_22229kbps_2160p_60.0fps_hevc_avpvs.mkv,test_2/segments/Dancers_8s_22229kbps_2160p_60.0fps_hevc.mp4,4.208333333,0.165971964,3840,2160,3840,2160,3840,2160,60,hevc
182,src_videos/Dancers_8s.mkv,test_2_avpvs/Dancers_8s_40974kbps_2160p_60.0fps_hevc_avpvs.mkv,test_2/segments/Dancers_8s_40974kbps_2160p_60.0fps_hevc.mp4,4.5,0.204340371,3840,2160,3840,2160,3840,2160,60,hevc
183,src_videos/Dancers_8s.mkv,test_2_avpvs/Dancers_8s_59720kbps_2160p_60.0fps_hevc_avpvs.mkv,test_2/segments/Dancers_8s_59720kbps_2160p_60.0fps_hevc.mp4,4.333333333,0.280838978,3840,2160,3840,2160,3840,2160,60,hevc
184,src_videos/water_netflix_8s.mkv,test_2_avpvs/water_netflix_8s_97kbps_360p_59.94fps_h264_avpvs.mkv,test_2/segments/water_netflix_8s_97kbps_360p_59.94fps_h264.mp4,1.041666667,0.081665166,3840,2160,3840,2160,640,360,59.94,h264
185,src_videos/water_netflix_8s.mkv,test_2_avpvs/water_netflix_8s_617kbps_360p_59.94fps_h264_avpvs.mkv,test_2/segments/water_netflix_8s_617kbps_360p_59.94fps_h264.mp4,1.791666667,0.263252123,3840,2160,3840,2160,640,360,59.94,h264
186,src_videos/water_netflix_8s.mkv,test_2_avpvs/water_netflix_8s_1138kbps_360p_59.94fps_h264_avpvs.mkv,test_2/segments/water_netflix_8s_1138kbps_360p_59.94fps_h264.mp4,2.166666667,0.326660664,3840,2160,3840,2160,640,360,59.94,h264
187,src_videos/water_netflix_8s.mkv,test_2_avpvs/water_netflix_8s_1659kbps_360p_59.94fps_h264_avpvs.mkv,test_2/segments/water_netflix_8s_1659kbps_360p_59.94fps_h264.mp4,2.375,0.230355442,3840,2160,3840,2160,640,360,59.94,h264
188,src_videos/water_netflix_8s.mkv,test_2_avpvs/water_netflix_8s_387kbps_720p_59.94fps_h264_avpvs.mkv,test_2/segments/water_netflix_8s_387kbps_720p_59.94fps_h264.mp4,1.041666667,0.081665166,3840,2160,3840,2160,1280,720,59.94,h264
189,src_videos/water_netflix_8s.mkv,test_2_avpvs/water_netflix_8s_2470kbps_720p_59.94fps_h264_avpvs.mkv,test_2/segments/water_netflix_8s_2470kbps_720p_59.94fps_h264.mp4,2.5,0.235951936,3840,2160,3840,2160,1280,720,59.94,h264
190,src_videos/water_netflix_8s.mkv,test_2_avpvs/water_netflix_8s_4553kbps_720p_59.94fps_h264_avpvs.mkv,test_2/segments/water_netflix_8s_4553kbps_720p_59.94fps_h264.mp4,3.166666667,0.280838978,3840,2160,3840,2160,1280,720,59.94,h264
191,src_videos/water_netflix_8s.mkv,test_2_avpvs/water_netflix_8s_6635kbps_720p_59.94fps_h264_avpvs.mkv,test_2/segments/water_netflix_8s_6635kbps_720p_59.94fps_h264.mp4,3.458333333,0.333251658,3840,2160,3840,2160,1280,720,59.94,h264
192,src_videos/water_netflix_8s.mkv,test_2_avpvs/water_netflix_8s_871kbps_1080p_59.94fps_h264_avpvs.mkv,test_2/segments/water_netflix_8s_871kbps_1080p_59.94fps_h264.mp4,1.25,0.243213689,3840,2160,3840,2160,1920,1080,59.94,h264
193,src_videos/water_netflix_8s.mkv,test_2_avpvs/water_netflix_8s_5557kbps_1080p_59.94fps_h264_avpvs.mkv,test_2/segments/water_netflix_8s_5557kbps_1080p_59.94fps_h264.mp4,3.291666667,0.276153661,3840,2160,3840,2160,1920,1080,59.94,h264
194,src_videos/water_netflix_8s.mkv,test_2_avpvs/water_netflix_8s_10244kbps_1080p_59.94fps_h264_avpvs.mkv,test_2/segments/water_netflix_8s_10244kbps_1080p_59.94fps_h264.mp4,3.625,0.25880873,3840,2160,3840,2160,1920,1080,59.94,h264
195,src_videos/water_netflix_8s.mkv,test_2_avpvs/water_netflix_8s_14930kbps_1080p_59.94fps_h264_avpvs.mkv,test_2/segments/water_netflix_8s_14930kbps_1080p_59.94fps_h264.mp4,4.041666667,0.249684833,3840,2160,3840,2160,1920,1080,59.94,h264
196,src_videos/water_netflix_8s.mkv,test_2_avpvs/water_netflix_8s_3484kbps_2160p_59.94fps_h264_avpvs.mkv,test_2/segments/water_netflix_8s_3484kbps_2160p_59.94fps_h264.mp4,1.541666667,0.288478785,3840,2160,3840,2160,3840,2160,59.94,h264
197,src_videos/water_netflix_8s.mkv,test_2_avpvs/water_netflix_8s_22229kbps_2160p_59.94fps_h264_avpvs.mkv,test_2/segments/water_netflix_8s_22229kbps_2160p_59.94fps_h264.mp4,3.708333333,0.220054963,3840,2160,3840,2160,3840,2160,59.94,h264
198,src_videos/water_netflix_8s.mkv,test_2_avpvs/water_netflix_8s_40974kbps_2160p_59.94fps_h264_avpvs.mkv,test_2/segments/water_netflix_8s_40974kbps_2160p_59.94fps_h264.mp4,4.125,0.244995498,3840,2160,3840,2160,3840,2160,59.94,h264
199,src_videos/water_netflix_8s.mkv,test_2_avpvs/water_netflix_8s_59720kbps_2160p_59.94fps_h264_avpvs.mkv,test_2/segments/water_netflix_8s_59720kbps_2160p_59.94fps_h264.mp4,4.166666667,0.280838978,3840,2160,3840,2160,3840,2160,59.94,h264
200,src_videos/water_netflix_8s.mkv,test_2_avpvs/water_netflix_8s_97kbps_360p_59.94fps_hevc_avpvs.mkv,test_2/segments/water_netflix_8s_97kbps_360p_59.94fps_hevc.mp4,1.083333333,0.11295339,3840,2160,3840,2160,640,360,59.94,hevc
201,src_videos/water_netflix_8s.mkv,test_2_avpvs/water_netflix_8s_617kbps_360p_59.94fps_hevc_avpvs.mkv,test_2/segments/water_netflix_8s_617kbps_360p_59.94fps_hevc.mp4,2,0.288980924,3840,2160,3840,2160,640,360,59.94,hevc
202,src_videos/water_netflix_8s.mkv,test_2_avpvs/water_netflix_8s_1138kbps_360p_59.94fps_hevc_avpvs.mkv,test_2/segments/water_netflix_8s_1138kbps_360p_59.94fps_hevc.mp4,2.166666667,0.30461264,3840,2160,3840,2160,640,360,59.94,hevc
203,src_videos/water_netflix_8s.mkv,test_2_avpvs/water_netflix_8s_1659kbps_360p_59.94fps_hevc_avpvs.mkv,test_2/segments/water_netflix_8s_1659kbps_360p_59.94fps_hevc.mp4,2.333333333,0.30461264,3840,2160,3840,2160,640,360,59.94,hevc
204,src_videos/water_netflix_8s.mkv,test_2_avpvs/water_netflix_8s_387kbps_720p_59.94fps_hevc_avpvs.mkv,test_2/segments/water_netflix_8s_387kbps_720p_59.94fps_hevc.mp4,1.25,0.212684201,3840,2160,3840,2160,1280,720,59.94,hevc
205,src_videos/water_netflix_8s.mkv,test_2_avpvs/water_netflix_8s_2470kbps_720p_59.94fps_hevc_avpvs.mkv,test_2/segments/water_netflix_8s_2470kbps_720p_59.94fps_hevc.mp4,2.791666667,0.40832583,3840,2160,3840,2160,1280,720,59.94,hevc
206,src_videos/water_netflix_8s.mkv,test_2_avpvs/water_netflix_8s_4553kbps_720p_59.94fps_hevc_avpvs.mkv,test_2/segments/water_netflix_8s_4553kbps_720p_59.94fps_hevc.mp4,3.083333333,0.331943929,3840,2160,3840,2160,1280,720,59.94,hevc
207,src_videos/water_netflix_8s.mkv,test_2_avpvs/water_netflix_8s_6635kbps_720p_59.94fps_hevc_avpvs.mkv,test_2/segments/water_netflix_8s_6635kbps_720p_59.94fps_hevc.mp4,3.333333333,0.22590678,3840,2160,3840,2160,1280,720,59.94,hevc
208,src_videos/water_netflix_8s.mkv,test_2_avpvs/water_netflix_8s_871kbps_1080p_59.94fps_hevc_avpvs.mkv,test_2/segments/water_netflix_8s_871kbps_1080p_59.94fps_hevc.mp4,1.458333333,0.20362962,3840,2160,3840,2160,1920,1080,59.94,hevc
209,src_videos/water_netflix_8s.mkv,test_2_avpvs/water_netflix_8s_5557kbps_1080p_59.94fps_hevc_avpvs.mkv,test_2/segments/water_netflix_8s_5557kbps_1080p_59.94fps_hevc.mp4,3.291666667,0.300298474,3840,2160,3840,2160,1920,1080,59.94,hevc
210,src_videos/water_netflix_8s.mkv,test_2_avpvs/water_netflix_8s_10244kbps_1080p_59.94fps_hevc_avpvs.mkv,test_2/segments/water_netflix_8s_10244kbps_1080p_59.94fps_hevc.mp4,3.666666667,0.22590678,3840,2160,3840,2160,1920,1080,59.94,hevc
211,src_videos/water_netflix_8s.mkv,test_2_avpvs/water_netflix_8s_14930kbps_1080p_59.94fps_hevc_avpvs.mkv,test_2/segments/water_netflix_8s_14930kbps_1080p_59.94fps_hevc.mp4,3.916666667,0.286967095,3840,2160,3840,2160,1920,1080,59.94,hevc
212,src_videos/water_netflix_8s.mkv,test_2_avpvs/water_netflix_8s_3484kbps_2160p_59.94fps_hevc_avpvs.mkv,test_2/segments/water_netflix_8s_3484kbps_2160p_59.94fps_hevc.mp4,2.291666667,0.276153661,3840,2160,3840,2160,3840,2160,59.94,hevc
213,src_videos/water_netflix_8s.mkv,test_2_avpvs/water_netflix_8s_22229kbps_2160p_59.94fps_hevc_avpvs.mkv,test_2/segments/water_netflix_8s_22229kbps_2160p_59.94fps_hevc.mp4,4.166666667,0.280838978,3840,2160,3840,2160,3840,2160,59.94,hevc
214,src_videos/water_netflix_8s.mkv,test_2_avpvs/water_netflix_8s_40974kbps_2160p_59.94fps_hevc_avpvs.mkv,test_2/segments/water_netflix_8s_40974kbps_2160p_59.94fps_hevc.mp4,4.416666667,0.261594695,3840,2160,3840,2160,3840,2160,59.94,hevc
215,src_videos/water_netflix_8s.mkv,test_2_avpvs/water_netflix_8s_59720kbps_2160p_59.94fps_hevc_avpvs.mkv,test_2/segments/water_netflix_8s_59720kbps_2160p_59.94fps_hevc.mp4,4.375,0.25880873,3840,2160,3840,2160,3840,2160,59.94,hevc
216,src_videos/cutting_orange_tuil_8s.mkv,test_3_avpvs/cutting_orange_tuil_8s_97kbps_360p_59.94fps_hevc_avpvs.mkv,test_3/segments/cutting_orange_tuil_8s_97kbps_360p_59.94fps_hevc.mp4,1.192307692,0.15448965,3840,2160,3840,2160,640,360,59.94,hevc
217,src_videos/cutting_orange_tuil_8s.mkv,test_3_avpvs/cutting_orange_tuil_8s_617kbps_360p_59.94fps_hevc_avpvs.mkv,test_3/segments/cutting_orange_tuil_8s_617kbps_360p_59.94fps_hevc.mp4,2.576923077,0.2911784,3840,2160,3840,2160,640,360,59.94,hevc
218,src_videos/cutting_orange_tuil_8s.mkv,test_3_avpvs/cutting_orange_tuil_8s_1138kbps_360p_59.94fps_hevc_avpvs.mkv,test_3/segments/cutting_orange_tuil_8s_1138kbps_360p_59.94fps_hevc.mp4,2.769230769,0.293897937,3840,2160,3840,2160,640,360,59.94,hevc
219,src_videos/cutting_orange_tuil_8s.mkv,test_3_avpvs/cutting_orange_tuil_8s_1659kbps_360p_59.94fps_hevc_avpvs.mkv,test_3/segments/cutting_orange_tuil_8s_1659kbps_360p_59.94fps_hevc.mp4,2.769230769,0.313362203,3840,2160,3840,2160,640,360,59.94,hevc
220,src_videos/cutting_orange_tuil_8s.mkv,test_3_avpvs/cutting_orange_tuil_8s_387kbps_720p_59.94fps_hevc_avpvs.mkv,test_3/segments/cutting_orange_tuil_8s_387kbps_720p_59.94fps_hevc.mp4,2.423076923,0.2911784,3840,2160,3840,2160,1280,720,59.94,hevc
221,src_videos/cutting_orange_tuil_8s.mkv,test_3_avpvs/cutting_orange_tuil_8s_2470kbps_720p_59.94fps_hevc_avpvs.mkv,test_3/segments/cutting_orange_tuil_8s_2470kbps_720p_59.94fps_hevc.mp4,4.038461538,0.27677043,3840,2160,3840,2160,1280,720,59.94,hevc
222,src_videos/cutting_orange_tuil_8s.mkv,test_3_avpvs/cutting_orange_tuil_8s_4553kbps_720p_59.94fps_hevc_avpvs.mkv,test_3/segments/cutting_orange_tuil_8s_4553kbps_720p_59.94fps_hevc.mp4,4.230769231,0.250472055,3840,2160,3840,2160,1280,720,59.94,hevc
223,src_videos/cutting_orange_tuil_8s.mkv,test_3_avpvs/cutting_orange_tuil_8s_6635kbps_720p_59.94fps_hevc_avpvs.mkv,test_3/segments/cutting_orange_tuil_8s_6635kbps_720p_59.94fps_hevc.mp4,4.5,0.249107075,3840,2160,3840,2160,1280,720,59.94,hevc
224,src_videos/cutting_orange_tuil_8s.mkv,test_3_avpvs/cutting_orange_tuil_8s_871kbps_1080p_59.94fps_h264_avpvs.mkv,test_3/segments/cutting_orange_tuil_8s_871kbps_1080p_59.94fps_h264.mp4,2.307692308,0.237427259,3840,2160,3840,2160,1920,1080,59.94,h264
225,src_videos/cutting_orange_tuil_8s.mkv,test_3_avpvs/cutting_orange_tuil_8s_5557kbps_1080p_59.94fps_hevc_avpvs.mkv,test_3/segments/cutting_orange_tuil_8s_5557kbps_1080p_59.94fps_hevc.mp4,4.5,0.195996398,3840,2160,3840,2160,1920,1080,59.94,hevc
226,src_videos/cutting_orange_tuil_8s.mkv,test_3_avpvs/cutting_orange_tuil_8s_10244kbps_1080p_59.94fps_h264_avpvs.mkv,test_3/segments/cutting_orange_tuil_8s_10244kbps_1080p_59.94fps_h264.mp4,4.538461538,0.223622799,3840,2160,3840,2160,1920,1080,59.94,h264
227,src_videos/cutting_orange_tuil_8s.mkv,test_3_avpvs/cutting_orange_tuil_8s_14930kbps_1080p_59.94fps_hevc_avpvs.mkv,test_3/segments/cutting_orange_tuil_8s_14930kbps_1080p_59.94fps_hevc.mp4,4.538461538,0.195415667,3840,2160,3840,2160,1920,1080,59.94,hevc
228,src_videos/cutting_orange_tuil_8s.mkv,test_3_avpvs/cutting_orange_tuil_8s_3484kbps_2160p_59.94fps_h264_avpvs.mkv,test_3/segments/cutting_orange_tuil_8s_3484kbps_2160p_59.94fps_h264.mp4,3.576923077,0.409296926,3840,2160,3840,2160,3840,2160,59.94,h264
229,src_videos/cutting_orange_tuil_8s.mkv,test_3_avpvs/cutting_orange_tuil_8s_22229kbps_2160p_59.94fps_h264_avpvs.mkv,test_3/segments/cutting_orange_tuil_8s_22229kbps_2160p_59.94fps_h264.mp4,4.615384615,0.190706164,3840,2160,3840,2160,3840,2160,59.94,h264
230,src_videos/cutting_orange_tuil_8s.mkv,test_3_avpvs/cutting_orange_tuil_8s_40974kbps_2160p_59.94fps_h264_avpvs.mkv,test_3/segments/cutting_orange_tuil_8s_40974kbps_2160p_59.94fps_h264.mp4,4.769230769,0.197728359,3840,2160,3840,2160,3840,2160,59.94,h264
231,src_videos/cutting_orange_tuil_8s.mkv,test_3_avpvs/cutting_orange_tuil_8s_59720kbps_2160p_59.94fps_h264_avpvs.mkv,test_3/segments/cutting_orange_tuil_8s_59720kbps_2160p_59.94fps_h264.mp4,4.769230769,0.165156382,3840,2160,3840,2160,3840,2160,59.94,h264
232,src_videos/cutting_orange_tuil_8s.mkv,test_3_avpvs/cutting_orange_tuil_8s_97kbps_360p_59.94fps_vp9_avpvs.mkv,test_3/segments/cutting_orange_tuil_8s_97kbps_360p_59.94fps_vp9.mp4,1.461538462,0.223622799,3840,2160,3840,2160,640,360,59.94,vp9
233,src_videos/cutting_orange_tuil_8s.mkv,test_3_avpvs/cutting_orange_tuil_8s_617kbps_360p_59.94fps_vp9_avpvs.mkv,test_3/segments/cutting_orange_tuil_8s_617kbps_360p_59.94fps_vp9.mp4,2.538461538,0.271379629,3840,2160,3840,2160,640,360,59.94,vp9
234,src_videos/cutting_orange_tuil_8s.mkv,test_3_avpvs/cutting_orange_tuil_8s_1138kbps_360p_59.94fps_vp9_avpvs.mkv,test_3/segments/cutting_orange_tuil_8s_1138kbps_360p_59.94fps_vp9.mp4,2.692307692,0.321949059,3840,2160,3840,2160,640,360,59.94,vp9
235,src_videos/cutting_orange_tuil_8s.mkv,test_3_avpvs/cutting_orange_tuil_8s_1659kbps_360p_59.94fps_vp9_avpvs.mkv,test_3/segments/cutting_orange_tuil_8s_1659kbps_360p_59.94fps_vp9.mp4,2.769230769,0.331686213,3840,2160,3840,2160,640,360,59.94,vp9
236,src_videos/cutting_orange_tuil_8s.mkv,test_3_avpvs/cutting_orange_tuil_8s_387kbps_720p_59.94fps_vp9_avpvs.mkv,test_3/segments/cutting_orange_tuil_8s_387kbps_720p_59.94fps_vp9.mp4,2.346153846,0.265023252,3840,2160,3840,2160,1280,720,59.94,vp9
237,src_videos/cutting_orange_tuil_8s.mkv,test_3_avpvs/cutting_orange_tuil_8s_2470kbps_720p_59.94fps_vp9_avpvs.mkv,test_3/segments/cutting_orange_tuil_8s_2470kbps_720p_59.94fps_vp9.mp4,4.192307692,0.243570671,3840,2160,3840,2160,1280,720,59.94,vp9
238,src_videos/cutting_orange_tuil_8s.mkv,test_3_avpvs/cutting_orange_tuil_8s_4553kbps_720p_59.94fps_vp9_avpvs.mkv,test_3/segments/cutting_orange_tuil_8s_4553kbps_720p_59.94fps_vp9.mp4,4.307692308,0.261135169,3840,2160,3840,2160,1280,720,59.94,vp9
239,src_videos/cutting_orange_tuil_8s.mkv,test_3_avpvs/cutting_orange_tuil_8s_6635kbps_720p_59.94fps_vp9_avpvs.mkv,test_3/segments/cutting_orange_tuil_8s_6635kbps_720p_59.94fps_vp9.mp4,4.5,0.224130456,3840,2160,3840,2160,1280,720,59.94,vp9
240,src_videos/cutting_orange_tuil_8s.mkv,test_3_avpvs/cutting_orange_tuil_8s_871kbps_1080p_59.94fps_vp9_avpvs.mkv,test_3/segments/cutting_orange_tuil_8s_871kbps_1080p_59.94fps_vp9.mp4,3.423076923,0.2911784,3840,2160,3840,2160,1920,1080,59.94,vp9
241,src_videos/cutting_orange_tuil_8s.mkv,test_3_avpvs/cutting_orange_tuil_8s_5557kbps_1080p_59.94fps_vp9_avpvs.mkv,test_3/segments/cutting_orange_tuil_8s_5557kbps_1080p_59.94fps_vp9.mp4,4.423076923,0.193663025,3840,2160,3840,2160,1920,1080,59.94,vp9
242,src_videos/cutting_orange_tuil_8s.mkv,test_3_avpvs/cutting_orange_tuil_8s_10244kbps_1080p_59.94fps_vp9_avpvs.mkv,test_3/segments/cutting_orange_tuil_8s_10244kbps_1080p_59.94fps_vp9.mp4,4.461538462,0.223622799,3840,2160,3840,2160,1920,1080,59.94,vp9
243,src_videos/cutting_orange_tuil_8s.mkv,test_3_avpvs/cutting_orange_tuil_8s_14930kbps_1080p_59.94fps_vp9_avpvs.mkv,test_3/segments/cutting_orange_tuil_8s_14930kbps_1080p_59.94fps_vp9.mp4,4.5,0.249107075,3840,2160,3840,2160,1920,1080,59.94,vp9
244,src_videos/cutting_orange_tuil_8s.mkv,test_3_avpvs/cutting_orange_tuil_8s_3484kbps_2160p_59.94fps_vp9_avpvs.mkv,test_3/segments/cutting_orange_tuil_8s_3484kbps_2160p_59.94fps_vp9.mp4,4.5,0.249107075,3840,2160,3840,2160,3840,2160,59.94,vp9
245,src_videos/cutting_orange_tuil_8s.mkv,test_3_avpvs/cutting_orange_tuil_8s_22229kbps_2160p_59.94fps_vp9_avpvs.mkv,test_3/segments/cutting_orange_tuil_8s_22229kbps_2160p_59.94fps_vp9.mp4,4.884615385,0.125236028,3840,2160,3840,2160,3840,2160,59.94,vp9
246,src_videos/cutting_orange_tuil_8s.mkv,test_3_avpvs/cutting_orange_tuil_8s_40974kbps_2160p_59.94fps_vp9_avpvs.mkv,test_3/segments/cutting_orange_tuil_8s_40974kbps_2160p_59.94fps_vp9.mp4,4.653846154,0.265023252,3840,2160,3840,2160,3840,2160,59.94,vp9
247,src_videos/cutting_orange_tuil_8s.mkv,test_3_avpvs/cutting_orange_tuil_8s_59720kbps_2160p_59.94fps_vp9_avpvs.mkv,test_3/segments/cutting_orange_tuil_8s_59720kbps_2160p_59.94fps_vp9.mp4,4.807692308,0.15448965,3840,2160,3840,2160,3840,2160,59.94,vp9
248,src_videos/Dancers_8s.mkv,test_3_avpvs/Dancers_8s_97kbps_360p_60.0fps_hevc_avpvs.mkv,test_3/segments/Dancers_8s_97kbps_360p_60.0fps_hevc.mp4,1.230769231,0.165156382,3840,2160,3840,2160,640,360,60,hevc
249,src_videos/Dancers_8s.mkv,test_3_avpvs/Dancers_8s_617kbps_360p_60.0fps_hevc_avpvs.mkv,test_3/segments/Dancers_8s_617kbps_360p_60.0fps_hevc.mp4,2.153846154,0.281251185,3840,2160,3840,2160,640,360,60,hevc
250,src_videos/Dancers_8s.mkv,test_3_avpvs/Dancers_8s_1138kbps_360p_60.0fps_hevc_avpvs.mkv,test_3/segments/Dancers_8s_1138kbps_360p_60.0fps_hevc.mp4,2.038461538,0.230135014,3840,2160,3840,2160,640,360,60,hevc
251,src_videos/Dancers_8s.mkv,test_3_avpvs/Dancers_8s_1659kbps_360p_60.0fps_hevc_avpvs.mkv,test_3/segments/Dancers_8s_1659kbps_360p_60.0fps_hevc.mp4,2.384615385,0.268008322,3840,2160,3840,2160,640,360,60,hevc
252,src_videos/Dancers_8s.mkv,test_3_avpvs/Dancers_8s_387kbps_720p_60.0fps_hevc_avpvs.mkv,test_3/segments/Dancers_8s_387kbps_720p_60.0fps_hevc.mp4,2.730769231,0.298882862,3840,2160,3840,2160,1280,720,60,hevc
253,src_videos/Dancers_8s.mkv,test_3_avpvs/Dancers_8s_2470kbps_720p_60.0fps_hevc_avpvs.mkv,test_3/segments/Dancers_8s_2470kbps_720p_60.0fps_hevc.mp4,3.576923077,0.2911784,3840,2160,3840,2160,1280,720,60,hevc
254,src_videos/Dancers_8s.mkv,test_3_avpvs/Dancers_8s_4553kbps_720p_60.0fps_hevc_avpvs.mkv,test_3/segments/Dancers_8s_4553kbps_720p_60.0fps_hevc.mp4,3.615384615,0.345120202,3840,2160,3840,2160,1280,720,60,hevc
255,src_videos/Dancers_8s.mkv,test_3_avpvs/Dancers_8s_6635kbps_720p_60.0fps_hevc_avpvs.mkv,test_3/segments/Dancers_8s_6635kbps_720p_60.0fps_hevc.mp4,3.653846154,0.286456275,3840,2160,3840,2160,1280,720,60,hevc
256,src_videos/Dancers_8s.mkv,test_3_avpvs/Dancers_8s_871kbps_1080p_60.0fps_h264_avpvs.mkv,test_3/segments/Dancers_8s_871kbps_1080p_60.0fps_h264.mp4,2.923076923,0.264594064,3840,2160,3840,2160,1920,1080,60,h264
257,src_videos/Dancers_8s.mkv,test_3_avpvs/Dancers_8s_5557kbps_1080p_60.0fps_hevc_avpvs.mkv,test_3/segments/Dancers_8s_5557kbps_1080p_60.0fps_hevc.mp4,3.884615385,0.250925399,3840,2160,3840,2160,1920,1080,60,hevc
258,src_videos/Dancers_8s.mkv,test_3_avpvs/Dancers_8s_10244kbps_1080p_60.0fps_h264_avpvs.mkv,test_3/segments/Dancers_8s_10244kbps_1080p_60.0fps_h264.mp4,3.730769231,0.298882862,3840,2160,3840,2160,1920,1080,60,h264
259,src_videos/Dancers_8s.mkv,test_3_avpvs/Dancers_8s_14930kbps_1080p_60.0fps_hevc_avpvs.mkv,test_3/segments/Dancers_8s_14930kbps_1080p_60.0fps_hevc.mp4,3.769230769,0.225646576,3840,2160,3840,2160,1920,1080,60,hevc
260,src_videos/Dancers_8s.mkv,test_3_avpvs/Dancers_8s_3484kbps_2160p_60.0fps_h264_avpvs.mkv,test_3/segments/Dancers_8s_3484kbps_2160p_60.0fps_h264.mp4,3.153846154,0.320533891,3840,2160,3840,2160,3840,2160,60,h264
261,src_videos/Dancers_8s.mkv,test_3_avpvs/Dancers_8s_22229kbps_2160p_60.0fps_h264_avpvs.mkv,test_3/segments/Dancers_8s_22229kbps_2160p_60.0fps_h264.mp4,4.076923077,0.306022492,3840,2160,3840,2160,3840,2160,60,h264
262,src_videos/Dancers_8s.mkv,test_3_avpvs/Dancers_8s_40974kbps_2160p_60.0fps_h264_avpvs.mkv,test_3/segments/Dancers_8s_40974kbps_2160p_60.0fps_h264.mp4,4.192307692,0.243570671,3840,2160,3840,2160,3840,2160,60,h264
263,src_videos/Dancers_8s.mkv,test_3_avpvs/Dancers_8s_59720kbps_2160p_60.0fps_h264_avpvs.mkv,test_3/segments/Dancers_8s_59720kbps_2160p_60.0fps_h264.mp4,4.153846154,0.281251185,3840,2160,3840,2160,3840,2160,60,h264
264,src_videos/Dancers_8s.mkv,test_3_avpvs/Dancers_8s_97kbps_360p_60.0fps_vp9_avpvs.mkv,test_3/segments/Dancers_8s_97kbps_360p_60.0fps_vp9.mp4,1.307692308,0.180919752,3840,2160,3840,2160,640,360,60,vp9
265,src_videos/Dancers_8s.mkv,test_3_avpvs/Dancers_8s_617kbps_360p_60.0fps_vp9_avpvs.mkv,test_3/segments/Dancers_8s_617kbps_360p_60.0fps_vp9.mp4,2.307692308,0.282862953,3840,2160,3840,2160,640,360,60,vp9
266,src_videos/Dancers_8s.mkv,test_3_avpvs/Dancers_8s_1138kbps_360p_60.0fps_vp9_avpvs.mkv,test_3/segments/Dancers_8s_1138kbps_360p_60.0fps_vp9.mp4,2.307692308,0.282862953,3840,2160,3840,2160,640,360,60,vp9
267,src_videos/Dancers_8s.mkv,test_3_avpvs/Dancers_8s_1659kbps_360p_60.0fps_vp9_avpvs.mkv,test_3/segments/Dancers_8s_1659kbps_360p_60.0fps_vp9.mp4,2.423076923,0.222092865,3840,2160,3840,2160,640,360,60,vp9
268,src_videos/Dancers_8s.mkv,test_3_avpvs/Dancers_8s_387kbps_720p_60.0fps_vp9_avpvs.mkv,test_3/segments/Dancers_8s_387kbps_720p_60.0fps_vp9.mp4,2.461538462,0.292347013,3840,2160,3840,2160,1280,720,60,vp9
269,src_videos/Dancers_8s.mkv,test_3_avpvs/Dancers_8s_2470kbps_720p_60.0fps_vp9_avpvs.mkv,test_3/segments/Dancers_8s_2470kbps_720p_60.0fps_vp9.mp4,3.5,0.292735514,3840,2160,3840,2160,1280,720,60,vp9
270,src_videos/Dancers_8s.mkv,test_3_avpvs/Dancers_8s_4553kbps_720p_60.0fps_vp9_avpvs.mkv,test_3/segments/Dancers_8s_4553kbps_720p_60.0fps_vp9.mp4,3.538461538,0.271379629,3840,2160,3840,2160,1280,720,60,vp9
271,src_videos/Dancers_8s.mkv,test_3_avpvs/Dancers_8s_6635kbps_720p_60.0fps_vp9_avpvs.mkv,test_3/segments/Dancers_8s_6635kbps_720p_60.0fps_vp9.mp4,3.730769231,0.298882862,3840,2160,3840,2160,1280,720,60,vp9
272,src_videos/Dancers_8s.mkv,test_3_avpvs/Dancers_8s_871kbps_1080p_60.0fps_vp9_avpvs.mkv,test_3/segments/Dancers_8s_871kbps_1080p_60.0fps_vp9.mp4,3.269230769,0.318042197,3840,2160,3840,2160,1920,1080,60,vp9
273,src_videos/Dancers_8s.mkv,test_3_avpvs/Dancers_8s_5557kbps_1080p_60.0fps_vp9_avpvs.mkv,test_3/segments/Dancers_8s_5557kbps_1080p_60.0fps_vp9.mp4,3.884615385,0.250925399,3840,2160,3840,2160,1920,1080,60,vp9
274,src_videos/Dancers_8s.mkv,test_3_avpvs/Dancers_8s_10244kbps_1080p_60.0fps_vp9_avpvs.mkv,test_3/segments/Dancers_8s_10244kbps_1080p_60.0fps_vp9.mp4,3.884615385,0.332028687,3840,2160,3840,2160,1920,1080,60,vp9
275,src_videos/Dancers_8s.mkv,test_3_avpvs/Dancers_8s_14930kbps_1080p_60.0fps_vp9_avpvs.mkv,test_3/segments/Dancers_8s_14930kbps_1080p_60.0fps_vp9.mp4,4.038461538,0.316609567,3840,2160,3840,2160,1920,1080,60,vp9
276,src_videos/Dancers_8s.mkv,test_3_avpvs/Dancers_8s_3484kbps_2160p_60.0fps_vp9_avpvs.mkv,test_3/segments/Dancers_8s_3484kbps_2160p_60.0fps_vp9.mp4,3.846153846,0.208908136,3840,2160,3840,2160,3840,2160,60,vp9
277,src_videos/Dancers_8s.mkv,test_3_avpvs/Dancers_8s_22229kbps_2160p_60.0fps_vp9_avpvs.mkv,test_3/segments/Dancers_8s_22229kbps_2160p_60.0fps_vp9.mp4,4.269230769,0.232102015,3840,2160,3840,2160,3840,2160,60,vp9
278,src_videos/Dancers_8s.mkv,test_3_avpvs/Dancers_8s_40974kbps_2160p_60.0fps_vp9_avpvs.mkv,test_3/segments/Dancers_8s_40974kbps_2160p_60.0fps_vp9.mp4,4.192307692,0.266733097,3840,2160,3840,2160,3840,2160,60,vp9
279,src_videos/Dancers_8s.mkv,test_3_avpvs/Dancers_8s_59720kbps_2160p_60.0fps_vp9_avpvs.mkv,test_3/segments/Dancers_8s_59720kbps_2160p_60.0fps_vp9.mp4,4.076923077,0.306022492,3840,2160,3840,2160,3840,2160,60,vp9
280,src_videos/water_netflix_8s.mkv,test_3_avpvs/water_netflix_8s_97kbps_360p_59.94fps_hevc_avpvs.mkv,test_3/segments/water_netflix_8s_97kbps_360p_59.94fps_hevc.mp4,1,0,3840,2160,3840,2160,640,360,59.94,hevc
281,src_videos/water_netflix_8s.mkv,test_3_avpvs/water_netflix_8s_617kbps_360p_59.94fps_hevc_avpvs.mkv,test_3/segments/water_netflix_8s_617kbps_360p_59.94fps_hevc.mp4,1.730769231,0.256302983,3840,2160,3840,2160,640,360,59.94,hevc
282,src_videos/water_netflix_8s.mkv,test_3_avpvs/water_netflix_8s_1138kbps_360p_59.94fps_hevc_avpvs.mkv,test_3/segments/water_netflix_8s_1138kbps_360p_59.94fps_hevc.mp4,2.307692308,0.261135169,3840,2160,3840,2160,640,360,59.94,hevc
283,src_videos/water_netflix_8s.mkv,test_3_avpvs/water_netflix_8s_1659kbps_360p_59.94fps_hevc_avpvs.mkv,test_3/segments/water_netflix_8s_1659kbps_360p_59.94fps_hevc.mp4,2.461538462,0.248650416,3840,2160,3840,2160,640,360,59.94,hevc
284,src_videos/water_netflix_8s.mkv,test_3_avpvs/water_netflix_8s_387kbps_720p_59.94fps_hevc_avpvs.mkv,test_3/segments/water_netflix_8s_387kbps_720p_59.94fps_hevc.mp4,1.115384615,0.125236028,3840,2160,3840,2160,1280,720,59.94,hevc
285,src_videos/water_netflix_8s.mkv,test_3_avpvs/water_netflix_8s_2470kbps_720p_59.94fps_hevc_avpvs.mkv,test_3/segments/water_netflix_8s_2470kbps_720p_59.94fps_hevc.mp4,2.846153846,0.355502071,3840,2160,3840,2160,1280,720,59.94,hevc
286,src_videos/water_netflix_8s.mkv,test_3_avpvs/water_netflix_8s_4553kbps_720p_59.94fps_hevc_avpvs.mkv,test_3/segments/water_netflix_8s_4553kbps_720p_59.94fps_hevc.mp4,3.115384615,0.29428439,3840,2160,3840,2160,1280,720,59.94,hevc
287,src_videos/water_netflix_8s.mkv,test_3_avpvs/water_netflix_8s_6635kbps_720p_59.94fps_hevc_avpvs.mkv,test_3/segments/water_netflix_8s_6635kbps_720p_59.94fps_hevc.mp4,3.615384615,0.289220217,3840,2160,3840,2160,1280,720,59.94,hevc
288,src_videos/water_netflix_8s.mkv,test_3_avpvs/water_netflix_8s_871kbps_1080p_59.94fps_h264_avpvs.mkv,test_3/segments/water_netflix_8s_871kbps_1080p_59.94fps_h264.mp4,1.038461538,0.07538323,3840,2160,3840,2160,1920,1080,59.94,h264
289,src_videos/water_netflix_8s.mkv,test_3_avpvs/water_netflix_8s_5557kbps_1080p_59.94fps_hevc_avpvs.mkv,test_3/segments/water_netflix_8s_5557kbps_1080p_59.94fps_hevc.mp4,3.384615385,0.268008322,3840,2160,3840,2160,1920,1080,59.94,hevc
290,src_videos/water_netflix_8s.mkv,test_3_avpvs/water_netflix_8s_10244kbps_1080p_59.94fps_h264_avpvs.mkv,test_3/segments/water_netflix_8s_10244kbps_1080p_59.94fps_h264.mp4,3.692307692,0.237427259,3840,2160,3840,2160,1920,1080,59.94,h264
291,src_videos/water_netflix_8s.mkv,test_3_avpvs/water_netflix_8s_14930kbps_1080p_59.94fps_hevc_avpvs.mkv,test_3/segments/water_netflix_8s_14930kbps_1080p_59.94fps_hevc.mp4,3.923076923,0.306022492,3840,2160,3840,2160,1920,1080,59.94,hevc
292,src_videos/water_netflix_8s.mkv,test_3_avpvs/water_netflix_8s_3484kbps_2160p_59.94fps_h264_avpvs.mkv,test_3/segments/water_netflix_8s_3484kbps_2160p_59.94fps_h264.mp4,1.115384615,0.125236028,3840,2160,3840,2160,3840,2160,59.94,h264
293,src_videos/water_netflix_8s.mkv,test_3_avpvs/water_netflix_8s_22229kbps_2160p_59.94fps_h264_avpvs.mkv,test_3/segments/water_netflix_8s_22229kbps_2160p_59.94fps_h264.mp4,3.538461538,0.330312765,3840,2160,3840,2160,3840,2160,59.94,h264
294,src_videos/water_netflix_8s.mkv,test_3_avpvs/water_netflix_8s_40974kbps_2160p_59.94fps_h264_avpvs.mkv,test_3/segments/water_netflix_8s_40974kbps_2160p_59.94fps_h264.mp4,4.461538462,0.271379629,3840,2160,3840,2160,3840,2160,59.94,h264
295,src_videos/water_netflix_8s.mkv,test_3_avpvs/water_netflix_8s_59720kbps_2160p_59.94fps_h264_avpvs.mkv,test_3/segments/water_netflix_8s_59720kbps_2160p_59.94fps_h264.mp4,4.423076923,0.31081302,3840,2160,3840,2160,3840,2160,59.94,h264
296,src_videos/water_netflix_8s.mkv,test_3_avpvs/water_netflix_8s_97kbps_360p_59.94fps_vp9_avpvs.mkv,test_3/segments/water_netflix_8s_97kbps_360p_59.94fps_vp9.mp4,1.153846154,0.178389282,3840,2160,3840,2160,640,360,59.94,vp9
297,src_videos/water_netflix_8s.mkv,test_3_avpvs/water_netflix_8s_617kbps_360p_59.94fps_vp9_avpvs.mkv,test_3/segments/water_netflix_8s_617kbps_360p_59.94fps_vp9.mp4,1.769230769,0.197728359,3840,2160,3840,2160,640,360,59.94,vp9
298,src_videos/water_netflix_8s.mkv,test_3_avpvs/water_netflix_8s_1138kbps_360p_59.94fps_vp9_avpvs.mkv,test_3/segments/water_netflix_8s_1138kbps_360p_59.94fps_vp9.mp4,2.230769231,0.331686213,3840,2160,3840,2160,640,360,59.94,vp9
299,src_videos/water_netflix_8s.mkv,test_3_avpvs/water_netflix_8s_1659kbps_360p_59.94fps_vp9_avpvs.mkv,test_3/segments/water_netflix_8s_1659kbps_360p_59.94fps_vp9.mp4,2.384615385,0.21951928,3840,2160,3840,2160,640,360,59.94,vp9
300,src_videos/water_netflix_8s.mkv,test_3_avpvs/water_netflix_8s_387kbps_720p_59.94fps_vp9_avpvs.mkv,test_3/segments/water_netflix_8s_387kbps_720p_59.94fps_vp9.mp4,1.653846154,0.241697023,3840,2160,3840,2160,1280,720,59.94,vp9
301,src_videos/water_netflix_8s.mkv,test_3_avpvs/water_netflix_8s_2470kbps_720p_59.94fps_vp9_avpvs.mkv,test_3/segments/water_netflix_8s_2470kbps_720p_59.94fps_vp9.mp4,2.653846154,0.325110664,3840,2160,3840,2160,1280,720,59.94,vp9
302,src_videos/water_netflix_8s.mkv,test_3_avpvs/water_netflix_8s_4553kbps_720p_59.94fps_vp9_avpvs.mkv,test_3/segments/water_netflix_8s_4553kbps_720p_59.94fps_vp9.mp4,3.423076923,0.2911784,3840,2160,3840,2160,1280,720,59.94,vp9
303,src_videos/water_netflix_8s.mkv,test_3_avpvs/water_netflix_8s_6635kbps_720p_59.94fps_vp9_avpvs.mkv,test_3/segments/water_netflix_8s_6635kbps_720p_59.94fps_vp9.mp4,3.461538462,0.330312765,3840,2160,3840,2160,1280,720,59.94,vp9
304,src_videos/water_netflix_8s.mkv,test_3_avpvs/water_netflix_8s_871kbps_1080p_59.94fps_vp9_avpvs.mkv,test_3/segments/water_netflix_8s_871kbps_1080p_59.94fps_vp9.mp4,2.423076923,0.2911784,3840,2160,3840,2160,1920,1080,59.94,vp9
305,src_videos/water_netflix_8s.mkv,test_3_avpvs/water_netflix_8s_5557kbps_1080p_59.94fps_vp9_avpvs.mkv,test_3/segments/water_netflix_8s_5557kbps_1080p_59.94fps_vp9.mp4,3.346153846,0.34280726,3840,2160,3840,2160,1920,1080,59.94,vp9
306,src_videos/water_netflix_8s.mkv,test_3_avpvs/water_netflix_8s_10244kbps_1080p_59.94fps_vp9_avpvs.mkv,test_3/segments/water_netflix_8s_10244kbps_1080p_59.94fps_vp9.mp4,3.846153846,0.301532921,3840,2160,3840,2160,1920,1080,59.94,vp9
307,src_videos/water_netflix_8s.mkv,test_3_avpvs/water_netflix_8s_14930kbps_1080p_59.94fps_vp9_avpvs.mkv,test_3/segments/water_netflix_8s_14930kbps_1080p_59.94fps_vp9.mp4,4.076923077,0.286059246,3840,2160,3840,2160,1920,1080,59.94,vp9
308,src_videos/water_netflix_8s.mkv,test_3_avpvs/water_netflix_8s_3484kbps_2160p_59.94fps_vp9_avpvs.mkv,test_3/segments/water_netflix_8s_3484kbps_2160p_59.94fps_vp9.mp4,3.346153846,0.375708083,3840,2160,3840,2160,3840,2160,59.94,vp9
309,src_videos/water_netflix_8s.mkv,test_3_avpvs/water_netflix_8s_22229kbps_2160p_59.94fps_vp9_avpvs.mkv,test_3/segments/water_netflix_8s_22229kbps_2160p_59.94fps_vp9.mp4,4.576923077,0.24727538,3840,2160,3840,2160,3840,2160,59.94,vp9
310,src_videos/water_netflix_8s.mkv,test_3_avpvs/water_netflix_8s_40974kbps_2160p_59.94fps_vp9_avpvs.mkv,test_3/segments/water_netflix_8s_40974kbps_2160p_59.94fps_vp9.mp4,4.615384615,0.21951928,3840,2160,3840,2160,3840,2160,59.94,vp9
311,src_videos/water_netflix_8s.mkv,test_3_avpvs/water_netflix_8s_59720kbps_2160p_59.94fps_vp9_avpvs.mkv,test_3/segments/water_netflix_8s_59720kbps_2160p_59.94fps_vp9.mp4,4.653846154,0.21586472,3840,2160,3840,2160,3840,2160,59.94,vp9
